strategy_id,game_date_et,event_id,matchup,start_time_utc,market,selection,line,consensus_line,price_american,price_decimal,bookmaker,signal_ids,signal_detail,on_ticket,config_hash,status,final_score
cfb_spread_total_parlay,2026-10-07,401871051,Jacksonville State Gamecocks @ Kennesaw State Owls,2026-10-07T23:00:00Z,spread,Jacksonville State Gamecocks,-2.5,-3.0,-124.0,1.8065,fanduel,S6,SP+ home margin -7.0 vs spread +3,False,e96612a177,loss,Jacksonville State Gamecocks 27 - Kennesaw State Owls 26
cfb_spread_total_parlay,2026-10-07,401871066,New Mexico State Aggies @ Florida International Panthers,2026-10-07T23:30:00Z,spread,Florida International Panthers,-6.5,-6.5,-106.0,1.9434,lowvig,S6,SP+ home margin +12.7 vs spread -6.5,False,e96612a177,win,New Mexico State Aggies 3 - Florida International Panthers 22
cfb_spread_total_parlay,2026-10-08,401870766,Sam Houston Bearkats @ Liberty Flames,2026-10-08T23:00:00Z,spread,Liberty Flames,-13.0,-13.5,-112.0,1.8929,betrivers,S6,SP+ home margin +19.1 vs spread -13.5,True,e96612a177,win,Sam Houston Bearkats 3 - Liberty Flames 35
cfb_spread_total_parlay,2026-10-08,401862794,South Florida Bulls @ UTSA Roadrunners,2026-10-08T23:30:00Z,spread,South Florida Bulls,6.5,6.5,-108.0,1.9259,betmgm,S6,SP+ home margin -2.4 vs spread -6.5,True,e96612a177,loss,South Florida Bulls 24 - UTSA Roadrunners 31
cfb_spread_total_parlay,2026-10-08,401869933,South Alabama Jaguars @ Arkansas State Red Wolves,2026-10-08T23:30:00Z,spread,Arkansas State Red Wolves,-3.0,-3.0,-106.0,1.9434,lowvig,S1+S6,spread -1.5 -> -3 (home); SP+ home margin +8.4 vs spread -3,True,e96612a177,loss,South Alabama Jaguars 56 - Arkansas State Red Wolves 49
cfb_spread_total_parlay,2026-10-10,401856716,Texas A&M Aggies @ Missouri Tigers,2026-10-10T16:00:00Z,total,Over,49.5,50.5,-114.0,1.8772,fanduel,S2,total 48.5 -> 50.5,False,e96612a177,pending,
cfb_spread_total_parlay,2026-10-10,401856824,UCF Knights @ Oklahoma State Cowboys,2026-10-10T16:00:00Z,spread,UCF Knights,10.5,10.0,-108.0,1.9259,draftkings,S4+S6,fade Oklahoma State Cowboys (-10): ranked opponent next game (#22); SP+ home margin +4.0 vs spread -10,True,e96612a177,pending,
cfb_spread_total_parlay,2026-10-10,401858256,North Carolina Tar Heels @ Pittsburgh Panthers,2026-10-10T16:00:00Z,spread,Pittsburgh Panthers,-3.5,-3.5,-102.0,1.9804,lowvig,S6,SP+ home margin +14.2 vs spread -3.5,False,e96612a177,pending,
cfb_spread_total_parlay,2026-10-10,401858260,Wake Forest Demon Deacons @ NC State Wolfpack,2026-10-10T16:00:00Z,spread,NC State Wolfpack,3.5,3.5,-110.0,1.9091,mybookieag,S6,SP+ home margin +2.2 vs spread +3.5,False,e96612a177,pending,
cfb_spread_total_parlay,2026-10-10,401858481,Indiana Hoosiers @ Nebraska Cornhuskers,2026-10-10T16:00:00Z,total,Under,48.5,48.0,-115.0,1.8696,fanduel,S2+S5,total 52.5 -> 48; kickoff wind 16 mph,True,e96612a177,pending,
cfb_spread_total_parlay,2026-10-10,401862795,Tulane Green Wave @ Army Black Knights,2026-10-10T16:00:00Z,spread,Army Black Knights,-3.5,-4.0,-115.0,1.8696,fanduel,S6,SP+ home margin +9.0 vs spread -4,False,e96612a177,pending,
cfb_spread_total_parlay,2026-10-10,401856714,South Carolina Gamecocks @ Florida Gators,2026-10-10T16:45:00Z,spread,South Carolina Gamecocks,11.5,10.5,-112.0,1.8929,betrivers,S1+S4,spread -14 -> -10.5 (home); fade Florida Gators (-10.5): ranked opponent next game (#1),False,e96612a177,pending,
cfb_spread_total_parlay,2026-10-10,401862797,Rice Owls @ East Carolina Pirates,2026-10-10T17:00:00Z,spread,East Carolina Pirates,-9.5,-10.0,-114.0,1.8772,fanduel,S6,SP+ home margin +14.8 vs spread -10,False,e96612a177,pending,
cfb_spread_total_parlay,2026-10-10,401869843,Old Dominion Monarchs @ App State Mountaineers,2026-10-10T17:00:00Z,spread,Old Dominion Monarchs,10.0,10.0,-110.0,1.9091,mybookieag,S6,SP+ home margin +6.0 vs spread -10,False,e96612a177,pending,
cfb_spread_total_parlay,2026-10-10,401856718,Ole Miss Rebels @ Vanderbilt Commodores,2026-10-10T19:30:00Z,spread,Vanderbilt Commodores,9.5,9.5,-108.0,1.9259,fanduel,S6,SP+ home margin -1.1 vs spread +9.5,False,e96612a177,pending,
cfb_spread_total_parlay,2026-10-10,401856825,Houston Cougars @ Kansas State Wildcats,2026-10-10T19:30:00Z,total,Under,55.5,55.0,-114.0,1.8772,fanduel,S5,kickoff wind 17 mph,False,e96612a177,pending,
cfb_spread_total_parlay,2026-10-10,401858255,Duke Blue Devils @ Georgia Tech Yellow Jackets,2026-10-10T19:30:00Z,spread,Georgia Tech Yellow Jackets,5.5,5.0,-105.0,1.9524,fanduel,S1,spread +7 -> +5 (home),False,e96612a177,pending,
cfb_spread_total_parlay,2026-10-10,401858259,Virginia Tech Hokies @ California Golden Bears,2026-10-10T19:30:00Z,spread,Virginia Tech Hokies,-9.5,-10.0,-115.0,1.8696,fanduel,S1,spread +8.5 -> +10 (home),False,e96612a177,pending,
cfb_spread_total_parlay,2026-10-10,401858484,UCLA Bruins @ Oregon Ducks,2026-10-10T19:30:00Z,spread,UCLA Bruins,11.0,10.5,-110.0,1.9091,betrivers,S1,spread -12 -> -10.5 (home),False,e96612a177,pending,
cfb_spread_total_parlay,2026-10-10,401866437,Buffalo Bulls @ Toledo Rockets,2026-10-10T19:30:00Z,spread,Buffalo Bulls,19.5,18.5,-110.0,1.9091,betmgm,S1,spread -20 -> -18.5 (home),False,e96612a177,pending,
cfb_spread_total_parlay,2026-10-10,401866438,Central Michigan Chippewas @ Ohio Bobcats,2026-10-10T19:30:00Z,spread,Ohio Bobcats,-2.0,-2.5,-106.0,1.9434,lowvig,S6,SP+ home margin +10.7 vs spread -2.5,False,e96612a177,pending,
cfb_spread_total_parlay,2026-10-10,401856713,Tennessee Volunteers @ Arkansas Razorbacks,2026-10-10T20:15:00Z,spread,Arkansas Razorbacks,13.5,13.5,-103.0,1.9709,lowvig,S4,fade Tennessee Volunteers (-13.5): ranked opponent next game (#6),False,e96612a177,pending,
cfb_spread_total_parlay,2026-10-10,401858483,Maryland Terrapins @ Ohio State Buckeyes,2026-10-10T20:15:00Z,spread,Maryland Terrapins,33.5,33.0,-110.0,1.9091,fanduel,S1+S3+S4+S6,spread -35 -> -33 (home); fade Ohio State Buckeyes (-33): beat a ranked team last game (#14); fade Ohio State Buckeyes (-33): ranked opponent next game (#7); SP+ home margin +27.4 vs spread -33,True,e96612a177,pending,
cfb_spread_total_parlay,2026-10-10,401856715,LSU Tigers @ Kentucky Wildcats,2026-10-10T23:00:00Z,total,Under,51.0,50.5,-108.0,1.9259,lowvig,S2+S5,total 54.5 -> 50.5; kickoff wind 16 mph,False,e96612a177,pending,
cfb_spread_total_parlay,2026-10-10,401862798,UAB Blazers @ Memphis Tigers,2026-10-10T23:00:00Z,spread,Memphis Tigers,-14.5,-14.5,-109.0,1.9174,lowvig,S6,SP+ home margin +19.1 vs spread -14.5,False,e96612a177,pending,
cfb_spread_total_parlay,2026-10-10,401864517,Nevada Wolf Pack @ UTEP Miners,2026-10-10T23:00:00Z,spread,Nevada Wolf Pack,-9.5,-10.0,-110.0,1.9091,mybookieag,S6,SP+ home margin -15.0 vs spread +10,False,e96612a177,pending,
cfb_spread_total_parlay,2026-10-10,401864518,North Dakota State Bison @ UNLV Rebels,2026-10-10T23:00:00Z,spread,North Dakota State Bison,-2.0,-2.5,-111.0,1.9009,lowvig,S6,SP+ home margin -7.7 vs spread +2.5,False,e96612a177,pending,
cfb_spread_total_parlay,2026-10-10,401869943,Coastal Carolina Chanticleers @ Marshall Thundering Herd,2026-10-10T23:00:00Z,spread,Marshall Thundering Herd,-4.0,-4.5,-110.0,1.9091,mybookieag,S1,spread -2.5 -> -4.5 (home),False,e96612a177,pending,
cfb_spread_total_parlay,2026-10-10,401856712,Georgia Bulldogs @ Alabama Crimson Tide,2026-10-10T23:30:00Z,spread,Georgia Bulldogs,2.5,2.0,-110.0,1.9091,betmgm,S6,SP+ home margin -4.7 vs spread -2,False,e96612a177,pending,
cfb_spread_total_parlay,2026-10-10,401869949,James Madison Dukes @ Georgia Southern Eagles,2026-10-10T23:30:00Z,spread,James Madison Dukes,-7.5,-7.5,100.0,2.0,lowvig,S6,SP+ home margin -16.0 vs spread +7.5,False,e96612a177,pending,
cfb_spread_total_parlay,2026-10-10,401869965,Louisiana Ragin' Cajuns @ Louisiana Tech Bulldogs,2026-10-10T23:30:00Z,spread,Louisiana Ragin' Cajuns,3.0,3.0,-105.0,1.9524,betmgm,S6,SP+ home margin -4.3 vs spread -3,False,e96612a177,pending,
cfb_spread_total_parlay,2026-10-10,401856827,Kansas Jayhawks @ Utah Utes,2026-10-11T00:00:00Z,spread,Utah Utes,-14.5,-15.5,-115.0,1.8696,betonlineag,S6,SP+ home margin +23.0 vs spread -15.5,False,e96612a177,pending,
cfb_spread_total_parlay,2026-10-10,401858486,Minnesota Golden Gophers @ Purdue Boilermakers,2026-10-11T00:00:00Z,spread,Minnesota Golden Gophers,-2.5,-2.5,-110.0,1.9091,betrivers,S6,SP+ home margin -10.4 vs spread +2.5,False,e96612a177,pending,
cfb_spread_total_parlay,2026-10-10,401856808,Hawai'i Rainbow Warriors @ Arizona State Sun Devils,2026-10-11T02:30:00Z,spread,Hawai'i Rainbow Warriors,21.0,21.0,-106.0,1.9434,lowvig,S4,fade Arizona State Sun Devils (-21): ranked opponent next game (#11),False,e96612a177,pending,
cfb_spread_total_parlay,2026-10-10,401860901,Boise State Broncos @ Fresno State Bulldogs,2026-10-11T02:30:00Z,spread,Boise State Broncos,-7.5,-7.5,-106.0,1.9434,lowvig,S1,spread +4.5 -> +7.5 (home),False,e96612a177,pending,
