event_id,game_date_et,start_time_utc,home_team,away_team,home_rank,away_rank,neutral_site,conference_game,venue,indoor,status,home_score,away_score,season,season_type,week,home_school,away_school,score_source
401871049,2026-10-01,2026-10-02T00:00:00Z,New Mexico State Aggies,Western Kentucky Hilltoppers,,,False,True,Aggie Memorial Stadium,False,Final,34.0,13.0,2026,regular,5,New Mexico State,Western Kentucky,espn
401862786,2026-10-01,2026-10-02T01:00:00Z,Tulsa Golden Hurricane,North Texas Mean Green,,,False,True,H. A. Chapman Stadium,False,Final,44.0,45.0,2026,regular,5,Tulsa,North Texas,espn
401858245,2026-10-02,2026-10-02T23:00:00Z,Virginia Tech Hokies,Pittsburgh Panthers,,,False,True,Lane Stadium,False,Final,33.0,35.0,2026,regular,5,Virginia Tech,Pittsburgh,espn
401871050,2026-10-02,2026-10-02T23:00:00Z,Delaware Blue Hens,Liberty Flames,,,False,True,Delaware Stadium,False,Final,14.0,30.0,2026,regular,5,Delaware,Liberty,espn
401858476,2026-10-02,2026-10-03T00:00:00Z,Northwestern Wildcats,Penn State Nittany Lions,,,False,True,Ryan Field,False,Final,34.0,13.0,2026,regular,5,Northwestern,Penn State,espn
401862787,2026-10-03,2026-10-03T15:00:00Z,Charlotte 49ers,Memphis Tigers,,,False,True,Jerry Richardson Stadium,False,Final,8.0,59.0,2026,regular,5,Charlotte,Memphis,espn
401856707,2026-10-03,2026-10-03T16:00:00Z,Mississippi State Bulldogs,Alabama Crimson Tide,16.0,7.0,False,True,Davis Wade Stadium,False,Final,23.0,56.0,2026,regular,5,Mississippi State,Alabama,espn
401856807,2026-10-03,2026-10-03T16:00:00Z,Kansas Jayhawks,Middle Tennessee Blue Raiders,,,False,False,David Booth Kansas Memorial Stadium,False,Final,55.0,0.0,2026,regular,5,Kansas,Middle Tennessee,espn
401856819,2026-10-03,2026-10-03T16:00:00Z,Houston Cougars,UCF Knights,20.0,,False,True,TDECU Stadium,False,Final,27.0,17.0,2026,regular,5,Houston,UCF,espn
401856822,2026-10-03,2026-10-03T16:00:00Z,Iowa State Cyclones,West Virginia Mountaineers,,,False,True,Jack Trice Stadium,False,Final,45.0,42.0,2026,regular,5,Iowa State,West Virginia,espn
401858246,2026-10-03,2026-10-03T16:00:00Z,SMU Mustangs,Boston College Eagles,21.0,,False,True,Gerald J. Ford Stadium,False,Final,25.0,16.0,2026,regular,5,SMU,Boston College,espn
401858250,2026-10-03,2026-10-03T16:00:00Z,North Carolina Tar Heels,Notre Dame Fighting Irish,,3.0,False,False,Kenan Stadium,False,Final,26.0,37.0,2026,regular,5,North Carolina,Notre Dame,espn
401858251,2026-10-03,2026-10-03T16:00:00Z,Wake Forest Demon Deacons,Stanford Cardinal,,,False,True,Allegacy Federal Credit Union Stadium,False,Final,57.0,3.0,2026,regular,5,Wake Forest,Stanford,espn
401858252,2026-10-03,2026-10-03T16:00:00Z,UConn Huskies,Syracuse Orange,,,False,False,Pratt & Whitney Stadium,False,Final,41.0,42.0,2026,regular,5,UConn,Syracuse,espn
401858474,2026-10-03,2026-10-03T16:00:00Z,Minnesota Golden Gophers,Michigan Wolverines,,,False,True,Huntington Bank Stadium,False,Final,20.0,14.0,2026,regular,5,Minnesota,Michigan,espn
401862791,2026-10-03,2026-10-03T16:00:00Z,Air Force Falcons,Navy Midshipmen,,,False,False,Falcon Stadium,False,Final,14.0,9.0,2026,regular,5,Air Force,Navy,espn
401858479,2026-10-03,2026-10-03T16:30:00Z,Wisconsin Badgers,Michigan State Spartans,,,False,True,Camp Randall Stadium,False,Final,31.0,3.0,2026,regular,5,Wisconsin,Michigan State,espn
401856705,2026-10-03,2026-10-03T16:45:00Z,Georgia Bulldogs,Vanderbilt Commodores,2.0,,False,True,Sanford Stadium,False,Final,38.0,14.0,2026,regular,5,Georgia,Vanderbilt,espn
401866432,2026-10-03,2026-10-03T17:00:00Z,Buffalo Bulls,Western Michigan Broncos,,,False,True,Broadview Stadium,False,Final,17.0,20.0,2026,regular,5,Buffalo,Western Michigan,espn
401866431,2026-10-03,2026-10-03T18:00:00Z,Ball State Cardinals,Toledo Rockets,,,False,True,Scheumann Stadium,False,Final,24.0,39.0,2026,regular,5,Ball State,Toledo,espn
401856710,2026-10-03,2026-10-03T19:30:00Z,Tennessee Volunteers,Auburn Tigers,17.0,,False,True,Neyland Stadium,False,Final,24.0,14.0,2026,regular,5,Tennessee,Auburn,espn
401858247,2026-10-03,2026-10-03T19:30:00Z,UNLV Rebels,California Golden Bears,,,False,False,Allegiant Stadium,True,Final,39.0,31.0,2026,regular,5,UNLV,California,espn
401858248,2026-10-03,2026-10-03T19:30:00Z,NC State Wolfpack,Louisville Cardinals,,,False,True,Carter-Finley Stadium,False,Final,31.0,28.0,2026,regular,5,NC State,Louisville,espn
401858253,2026-10-03,2026-10-03T19:30:00Z,Florida State Seminoles,Virginia Cavaliers,,,False,True,Doak Campbell Stadium,False,Final,38.0,7.0,2026,regular,5,Florida State,Virginia,espn
401858473,2026-10-03,2026-10-03T19:30:00Z,Iowa Hawkeyes,Ohio State Buckeyes,14.0,5.0,False,True,Kinnick Stadium,False,Final,14.0,31.0,2026,regular,5,Iowa,Ohio State,espn
401862793,2026-10-03,2026-10-03T19:30:00Z,UAB Blazers,Samford Bulldogs,,,False,False,Protective Stadium,False,Final,33.0,14.0,2026,regular,5,UAB,Samford,espn
401864515,2026-10-03,2026-10-03T19:30:00Z,North Dakota State Bison,Wyoming Cowboys,,,False,True,Fargodome,True,Final,28.0,0.0,2026,regular,5,North Dakota State,Wyoming,espn
401866430,2026-10-03,2026-10-03T19:30:00Z,Central Michigan Chippewas,Akron Zips,,,False,True,Kelly/Shorts Stadium,False,Final,41.0,17.0,2026,regular,5,Central Michigan,Akron,espn
401866433,2026-10-03,2026-10-03T19:30:00Z,Massachusetts Minutemen,Eastern Michigan Eagles,,,False,True,Warren McGuirk Alumni Stadium,False,Final,14.0,38.0,2026,regular,5,Massachusetts,Eastern Michigan,espn
401866434,2026-10-03,2026-10-03T19:30:00Z,Kent State Golden Flashes,Ohio Bobcats,,,False,True,Zoeller Field at Dix Stadium,False,Final,10.0,13.0,2026,regular,5,Kent State,Ohio,espn
401866477,2026-10-03,2026-10-03T19:30:00Z,Miami (OH) RedHawks,Bowling Green Falcons,,,False,True,Yager Stadium,False,Final,20.0,24.0,2026,regular,5,Miami (OH),Bowling Green,espn
401869956,2026-10-03,2026-10-03T19:30:00Z,Georgia State Panthers,Old Dominion Monarchs,,,False,True,Center Parc Stadium,False,Final,42.0,10.0,2026,regular,5,Georgia State,Old Dominion,espn
401869962,2026-10-03,2026-10-03T19:45:00Z,James Madison Dukes,Marshall Thundering Herd,,,False,True,Bridgeforth Stadium,False,Final,45.0,17.0,2026,regular,5,James Madison,Marshall,espn
401856708,2026-10-03,2026-10-03T19:50:00Z,Missouri Tigers,Florida Gators,25.0,8.0,False,True,Memorial Stadium,False,Final,45.0,17.0,2026,regular,5,Missouri,Florida,espn
401858475,2026-10-03,2026-10-03T20:00:00Z,Nebraska Cornhuskers,Maryland Terrapins,,,False,True,"Memorial Stadium (Lincoln, NE)",False,Final,48.0,23.0,2026,regular,5,Nebraska,Maryland,espn
401864514,2026-10-03,2026-10-03T20:00:00Z,New Mexico Lobos,UTEP Miners,,,False,True,University Stadium (NM),False,Final,61.0,7.0,2026,regular,5,New Mexico,UTEP,espn
401856709,2026-10-03,2026-10-03T20:15:00Z,South Carolina Gamecocks,Kentucky Wildcats,,24.0,False,True,Williams-Brice Stadium,False,Final,34.0,35.0,2026,regular,5,South Carolina,Kentucky,espn
401858472,2026-10-03,2026-10-03T20:15:00Z,Illinois Fighting Illini,Purdue Boilermakers,,,False,True,Gies Memorial Stadium,False,Final,17.0,24.0,2026,regular,5,Illinois,Purdue,espn
401860899,2026-10-03,2026-10-03T22:00:00Z,Colorado State Rams,Oregon State Beavers,,,False,True,Canvas Stadium,False,Final,26.0,56.0,2026,regular,5,Colorado State,Oregon State,espn
401862790,2026-10-03,2026-10-03T22:00:00Z,Florida Atlantic Owls,Texas Southern Tigers,,,False,False,Flagler Credit Union Stadium,False,Final,66.0,10.0,2026,regular,5,Florida Atlantic,Texas Southern,espn
401856711,2026-10-03,2026-10-03T23:00:00Z,Texas A&M Aggies,Arkansas Razorbacks,,,False,True,Kyle Field,False,Final,34.0,7.0,2026,regular,5,Texas A&M,Arkansas,espn
401856818,2026-10-03,2026-10-03T23:00:00Z,TCU Horned Frogs,BYU Cougars,,10.0,False,True,Amon G. Carter Stadium,False,Final,10.0,17.0,2026,regular,5,TCU,BYU,espn
401862788,2026-10-03,2026-10-03T23:00:00Z,Rice Owls,UTSA Roadrunners,,,False,True,First Community Stadium,False,Final,14.0,16.0,2026,regular,5,Rice,UTSA,espn
401869942,2026-10-03,2026-10-03T23:00:00Z,Coastal Carolina Chanticleers,Georgia Southern Eagles,,,False,True,Brooks Stadium (SC),False,Final,24.0,31.0,2026,regular,5,Coastal Carolina,Georgia Southern,espn
401871089,2026-10-03,2026-10-03T23:00:00Z,South Alabama Jaguars,UL Monroe Warhawks,,,False,True,Hancock Whitney Stadium,False,Final,52.0,35.0,2026,regular,5,South Alabama,UL Monroe,espn
401856821,2026-10-03,2026-10-03T23:30:00Z,Colorado Buffaloes,Texas Tech Red Raiders,,12.0,False,True,Folsom Field,False,Final,7.0,29.0,2026,regular,5,Colorado,Texas Tech,espn
401858249,2026-10-03,2026-10-03T23:30:00Z,Clemson Tigers,Miami Hurricanes,,4.0,False,True,"Memorial Stadium (Clemson, SC)",False,Final,13.0,41.0,2026,regular,5,Clemson,Miami,espn
401858478,2026-10-03,2026-10-03T23:30:00Z,USC Trojans,Washington Huskies,18.0,,False,True,Los Angeles Memorial Coliseum,False,Final,25.0,21.0,2026,regular,5,USC,Washington,espn
401860898,2026-10-03,2026-10-03T23:30:00Z,Boise State Broncos,Utah State Aggies,22.0,,False,True,Albertsons Stadium,False,Final,37.0,18.0,2026,regular,5,Boise State,Utah State,espn
401862792,2026-10-03,2026-10-03T23:30:00Z,South Florida Bulls,Temple Owls,,,False,True,Raymond James Stadium,False,Final,13.0,17.0,2026,regular,5,South Florida,Temple,espn
401869842,2026-10-03,2026-10-03T23:30:00Z,Louisiana Tech Bulldogs,Army Black Knights,,,False,False,Joe Aillet Stadium,False,Final,31.0,29.0,2026,regular,5,Louisiana Tech,Army,espn
401856706,2026-10-03,2026-10-03T23:45:00Z,LSU Tigers,McNeese Cowboys,11.0,,False,False,Tiger Stadium (LA),False,Final,63.0,14.0,2026,regular,5,LSU,McNeese,espn
401858477,2026-10-03,2026-10-04T00:00:00Z,Rutgers Scarlet Knights,Indiana Hoosiers,,6.0,False,True,SHI Stadium,False,Final,15.0,47.0,2026,regular,5,Rutgers,Indiana,espn
401869932,2026-10-03,2026-10-04T00:00:00Z,Louisiana Ragin' Cajuns,Arkansas State Red Wolves,,,False,True,Our Lady of Lourdes Stadium,False,Final,23.0,20.0,2026,regular,5,Louisiana,Arkansas State,espn
401860921,2026-10-03,2026-10-04T01:30:00Z,Washington State Cougars,Fresno State Bulldogs,,,False,True,Martin Stadium,False,Final,6.0,26.0,2026,regular,5,Washington State,Fresno State,espn
401856817,2026-10-03,2026-10-04T02:30:00Z,Arizona State Sun Devils,Baylor Bears,,,False,True,Mountain America Stadium,False,Final,19.0,55.0,2026,regular,5,Arizona State,Baylor,espn
401860900,2026-10-03,2026-10-04T02:30:00Z,San Diego State Aztecs,Texas State Bobcats,,,False,True,Snapdragon Stadium,False,Final,31.0,29.0,2026,regular,5,San Diego State,Texas State,espn
401856820,2026-10-03,2026-10-04T03:00:00Z,Arizona Wildcats,Cincinnati Bearcats,,,False,True,Casino Del Sol Stadium,False,Final,34.0,7.0,2026,regular,5,Arizona,Cincinnati,espn
401864513,2026-10-03,2026-10-04T03:59:00Z,Hawai'i Rainbow Warriors,San José State Spartans,,,False,True,Clarence T.C. Ching Athletics Complex,False,Final,16.0,20.0,2026,regular,5,Hawai'i,San José State,espn
401871090,2026-10-06,2026-10-07T00:00:00Z,Troy Trojans,Southern Miss Golden Eagles,,,False,True,Veterans Memorial Stadium (AL),False,Scheduled,,,2026,regular,6,Troy,Southern Miss,
401871051,2026-10-07,2026-10-07T23:00:00Z,Kennesaw State Owls,Jacksonville State Gamecocks,,,False,True,Walens Family Field at Fifth Third Stadium,False,Scheduled,,,2026,regular,6,Kennesaw State,Jacksonville State,
401871066,2026-10-07,2026-10-07T23:30:00Z,Florida International Panthers,New Mexico State Aggies,,,False,True,Pitbull Stadium,False,Scheduled,,,2026,regular,6,Florida International,New Mexico State,
401870766,2026-10-08,2026-10-08T23:00:00Z,Liberty Flames,Sam Houston Bearkats,,,False,True,Williams Stadium (VA),False,Scheduled,,,2026,regular,6,Liberty,Sam Houston,
401871052,2026-10-08,2026-10-08T23:00:00Z,Western Kentucky Hilltoppers,Missouri State Bears,,,False,True,Houchens Industries-L.T. Smith Stadium,False,Scheduled,,,2026,regular,6,Western Kentucky,Missouri State,
401862794,2026-10-08,2026-10-08T23:30:00Z,UTSA Roadrunners,South Florida Bulls,,,False,True,Alamodome,True,Scheduled,,,2026,regular,6,UTSA,South Florida,
401869933,2026-10-08,2026-10-08T23:30:00Z,Arkansas State Red Wolves,South Alabama Jaguars,,,False,True,Centennial Bank Stadium,False,Scheduled,,,2026,regular,6,Arkansas State,South Alabama,
401858254,2026-10-09,2026-10-09T23:00:00Z,Louisville Cardinals,Florida State Seminoles,,,False,True,L&N Federal Credit Union Stadium,False,Scheduled,,,2026,regular,6,Louisville,Florida State,
401858487,2026-10-09,2026-10-10T01:00:00Z,Washington Huskies,Iowa Hawkeyes,,20.0,False,True,Husky Stadium,False,Scheduled,,,2026,regular,6,Washington,Iowa,
401860922,2026-10-09,2026-10-10T01:00:00Z,Utah State Aggies,Washington State Cougars,,,False,True,Maverik Stadium,False,Scheduled,,,2026,regular,6,Utah State,Washington State,
401864519,2026-10-09,2026-10-10T01:00:00Z,San José State Spartans,Wyoming Cowboys,,,False,True,CEFCU Stadium,False,Scheduled,,,2026,regular,6,San José State,Wyoming,
401856826,2026-10-09,2026-10-10T02:15:00Z,BYU Cougars,Iowa State Cyclones,8.0,,False,True,LaVell Edwards Stadium,False,Scheduled,,,2026,regular,6,BYU,Iowa State,
401856716,2026-10-10,2026-10-10T16:00:00Z,Missouri Tigers,Texas A&M Aggies,14.0,,False,True,Memorial Stadium,False,Scheduled,,,2026,regular,6,Missouri,Texas A&M,
401856823,2026-10-10,2026-10-10T16:00:00Z,West Virginia Mountaineers,Arizona Wildcats,,,False,True,Milan Puskar Stadium,False,Scheduled,,,2026,regular,6,West Virginia,Arizona,
401856824,2026-10-10,2026-10-10T16:00:00Z,Oklahoma State Cowboys,UCF Knights,18.0,,False,True,Boone Pickens Stadium,False,Scheduled,,,2026,regular,6,Oklahoma State,UCF,
401858256,2026-10-10,2026-10-10T16:00:00Z,Pittsburgh Panthers,North Carolina Tar Heels,25.0,,False,True,Acrisure Stadium,False,Scheduled,,,2026,regular,6,Pittsburgh,North Carolina,
401858260,2026-10-10,2026-10-10T16:00:00Z,NC State Wolfpack,Wake Forest Demon Deacons,,,False,True,Carter-Finley Stadium,False,Scheduled,,,2026,regular,6,NC State,Wake Forest,
401858481,2026-10-10,2026-10-10T16:00:00Z,Nebraska Cornhuskers,Indiana Hoosiers,,7.0,False,True,"Memorial Stadium (Lincoln, NE)",False,Scheduled,,,2026,regular,6,Nebraska,Indiana,
401862795,2026-10-10,2026-10-10T16:00:00Z,Army Black Knights,Tulane Green Wave,,,False,True,Michie Stadium,False,Scheduled,,,2026,regular,6,Army,Tulane,
401866436,2026-10-10,2026-10-10T16:00:00Z,Bowling Green Falcons,Sacramento State Hornets,,,False,True,Doyt L. Perry Stadium,False,Scheduled,,,2026,regular,6,Bowling Green,Sacramento State,
401858482,2026-10-10,2026-10-10T16:30:00Z,Northwestern Wildcats,Ball State Cardinals,,,False,False,Ryan Field,False,Scheduled,,,2026,regular,6,Northwestern,Ball State,
401856714,2026-10-10,2026-10-10T16:45:00Z,Florida Gators,South Carolina Gamecocks,16.0,,False,True,Ben Hill Griffin Stadium,False,Scheduled,,,2026,regular,6,Florida,South Carolina,
401869843,2026-10-10,2026-10-10T17:00:00Z,App State Mountaineers,Old Dominion Monarchs,,,False,True,Kidd Brewer Stadium,False,Scheduled,,,2026,regular,6,App State,Old Dominion,
401866440,2026-10-10,2026-10-10T18:00:00Z,Massachusetts Minutemen,Miami (OH) RedHawks,,,False,True,Warren McGuirk Alumni Stadium,False,Scheduled,,,2026,regular,6,Massachusetts,Miami (OH),
401856717,2026-10-10,2026-10-10T19:30:00Z,Oklahoma Sooners,Texas Longhorns,,1.0,True,True,Cotton Bowl,False,Scheduled,,,2026,regular,6,Oklahoma,Texas,
401856718,2026-10-10,2026-10-10T19:30:00Z,Vanderbilt Commodores,Ole Miss Rebels,,9.0,False,True,FirstBank Stadium,False,Scheduled,,,2026,regular,6,Vanderbilt,Ole Miss,
401856825,2026-10-10,2026-10-10T19:30:00Z,Kansas State Wildcats,Houston Cougars,,22.0,False,True,Bill Snyder Family Stadium,False,Scheduled,,,2026,regular,6,Kansas State,Houston,
401858255,2026-10-10,2026-10-10T19:30:00Z,Georgia Tech Yellow Jackets,Duke Blue Devils,,,False,True,Bobby Dodd Stadium,False,Scheduled,,,2026,regular,6,Georgia Tech,Duke,
401858257,2026-10-10,2026-10-10T19:30:00Z,Notre Dame Fighting Irish,Stanford Cardinal,3.0,,False,False,Notre Dame Stadium,False,Scheduled,,,2026,regular,6,Notre Dame,Stanford,
401858259,2026-10-10,2026-10-10T19:30:00Z,California Golden Bears,Virginia Tech Hokies,,,False,True,California Memorial Stadium,False,Scheduled,,,2026,regular,6,California,Virginia Tech,
401858480,2026-10-10,2026-10-10T19:30:00Z,Michigan State Spartans,Illinois Fighting Illini,,,False,True,Spartan Stadium,False,Scheduled,,,2026,regular,6,Michigan State,Illinois,
401858484,2026-10-10,2026-10-10T19:30:00Z,Oregon Ducks,UCLA Bruins,13.0,21.0,False,True,Autzen Stadium,False,Scheduled,,,2026,regular,6,Oregon,UCLA,
401862796,2026-10-10,2026-10-10T19:30:00Z,North Texas Mean Green,Charlotte 49ers,,,False,True,DATCU Stadium,False,Scheduled,,,2026,regular,6,North Texas,Charlotte,
401862799,2026-10-10,2026-10-10T19:30:00Z,Navy Midshipmen,Tulsa Golden Hurricane,,,False,True,Navy-Marine Corps Memorial Stadium,False,Scheduled,,,2026,regular,6,Navy,Tulsa,
401866435,2026-10-10,2026-10-10T19:30:00Z,Akron Zips,Eastern Michigan Eagles,,,False,True,InfoCision Stadium,False,Scheduled,,,2026,regular,6,Akron,Eastern Michigan,
401866437,2026-10-10,2026-10-10T19:30:00Z,Toledo Rockets,Buffalo Bulls,,,False,True,Glass Bowl,False,Scheduled,,,2026,regular,6,Toledo,Buffalo,
401866438,2026-10-10,2026-10-10T19:30:00Z,Ohio Bobcats,Central Michigan Chippewas,,,False,True,Peden Stadium,False,Scheduled,,,2026,regular,6,Ohio,Central Michigan,
401866439,2026-10-10,2026-10-10T19:30:00Z,Western Michigan Broncos,Kent State Golden Flashes,,,False,True,Waldo Stadium,False,Scheduled,,,2026,regular,6,Western Michigan,Kent State,
401861964,2026-10-10,2026-10-10T19:45:00Z,Temple Owls,UConn Huskies,,,False,False,Lincoln Financial Field,False,Scheduled,,,2026,regular,6,Temple,UConn,
401862797,2026-10-10,2026-10-10T20:00:00Z,East Carolina Pirates,Rice Owls,,,False,True,Dowdy-Ficklen Stadium,False,Scheduled,,,2026,regular,6,East Carolina,Rice,
401856713,2026-10-10,2026-10-10T20:15:00Z,Arkansas Razorbacks,Tennessee Volunteers,,15.0,False,True,Donald W. Reynolds Razorback Stadium,False,Scheduled,,,2026,regular,6,Arkansas,Tennessee,
401858483,2026-10-10,2026-10-10T20:15:00Z,Ohio State Buckeyes,Maryland Terrapins,5.0,,False,True,Ohio Stadium,False,Scheduled,,,2026,regular,6,Ohio State,Maryland,
401860902,2026-10-10,2026-10-10T22:00:00Z,Oregon State Beavers,San Diego State Aztecs,,,False,True,Reser Stadium,False,Scheduled,,,2026,regular,6,Oregon State,San Diego State,
401856715,2026-10-10,2026-10-10T23:00:00Z,Kentucky Wildcats,LSU Tigers,,10.0,False,True,Kroger Field,False,Scheduled,,,2026,regular,6,Kentucky,LSU,
401862798,2026-10-10,2026-10-10T23:00:00Z,Memphis Tigers,UAB Blazers,,,False,True,Simmons Bank Liberty Stadium,False,Scheduled,,,2026,regular,6,Memphis,UAB,
401864517,2026-10-10,2026-10-10T23:00:00Z,UTEP Miners,Nevada Wolf Pack,,,False,True,Sun Bowl,False,Scheduled,,,2026,regular,6,UTEP,Nevada,
401864518,2026-10-10,2026-10-10T23:00:00Z,UNLV Rebels,North Dakota State Bison,,,False,True,Allegiant Stadium,True,Scheduled,,,2026,regular,6,UNLV,North Dakota State,
401869943,2026-10-10,2026-10-10T23:00:00Z,Marshall Thundering Herd,Coastal Carolina Chanticleers,,,False,True,Joan C. Edwards Stadium,False,Scheduled,,,2026,regular,6,Marshall,Coastal Carolina,
401856712,2026-10-10,2026-10-10T23:30:00Z,Alabama Crimson Tide,Georgia Bulldogs,6.0,2.0,False,True,Bryant-Denny Stadium,False,Scheduled,,,2026,regular,6,Alabama,Georgia,
401858258,2026-10-10,2026-10-10T23:30:00Z,Virginia Cavaliers,Syracuse Orange,,,False,True,Scott Stadium,False,Scheduled,,,2026,regular,6,Virginia,Syracuse,
401858485,2026-10-10,2026-10-10T23:30:00Z,Penn State Nittany Lions,USC Trojans,,19.0,False,True,Beaver Stadium,False,Scheduled,,,2026,regular,6,Penn State,USC,
401864516,2026-10-10,2026-10-10T23:30:00Z,Northern Illinois Huskies,Air Force Falcons,,,False,True,Huskie Stadium,False,Scheduled,,,2026,regular,6,Northern Illinois,Air Force,
401869949,2026-10-10,2026-10-10T23:30:00Z,Georgia Southern Eagles,James Madison Dukes,,,False,True,Allen E. Paulson Stadium,False,Scheduled,,,2026,regular,6,Georgia Southern,James Madison,
401869965,2026-10-10,2026-10-10T23:30:00Z,Louisiana Tech Bulldogs,Louisiana Ragin' Cajuns,,,False,True,Joe Aillet Stadium,False,Scheduled,,,2026,regular,6,Louisiana Tech,Louisiana,
401858486,2026-10-10,2026-10-11T00:00:00Z,Purdue Boilermakers,Minnesota Golden Gophers,,,False,True,Ross-Ade Stadium,False,Scheduled,,,2026,regular,6,Purdue,Minnesota,
401856808,2026-10-10,2026-10-11T01:30:00Z,Arizona State Sun Devils,Hawai'i Rainbow Warriors,,,False,False,Mountain America Stadium,False,Scheduled,,,2026,regular,6,Arizona State,Hawai'i,
401856827,2026-10-10,2026-10-11T02:15:00Z,Utah Utes,Kansas Jayhawks,12.0,,False,True,Rice-Eccles Stadium,False,Scheduled,,,2026,regular,6,Utah,Kansas,
401860901,2026-10-10,2026-10-11T02:30:00Z,Fresno State Bulldogs,Boise State Broncos,,23.0,False,True,Valley Children's Stadium,False,Scheduled,,,2026,regular,6,Fresno State,Boise State,
401871067,2026-10-13,2026-10-13T23:00:00Z,Middle Tennessee Blue Raiders,Delaware Blue Hens,,,False,True,"Johnny ""Red"" Floyd Stadium",False,Scheduled,,,2026,regular,7,Middle Tennessee,Delaware,
401871053,2026-10-13,2026-10-14T00:00:00Z,Jacksonville State Gamecocks,Florida International Panthers,,,False,True,AmFirst Stadium,False,Scheduled,,,2026,regular,7,Jacksonville State,Florida International,
401871054,2026-10-14,2026-10-14T23:30:00Z,Missouri State Bears,Kennesaw State Owls,,,False,True,Robert W. Plaster Stadium,False,Scheduled,,,2026,regular,7,Missouri State,Kennesaw State,
401871068,2026-10-14,2026-10-15T00:00:00Z,Sam Houston Bearkats,Western Kentucky Hilltoppers,,,False,True,Elliott T. Bowers Stadium,False,Scheduled,,,2026,regular,7,Sam Houston,Western Kentucky,
401862800,2026-10-15,2026-10-15T23:30:00Z,UAB Blazers,East Carolina Pirates,,,False,True,Protective Stadium,False,Scheduled,,,2026,regular,7,UAB,East Carolina,
401869950,2026-10-15,2026-10-15T23:30:00Z,Old Dominion Monarchs,Georgia Southern Eagles,,,False,True,S.B. Ballard Stadium,False,Scheduled,,,2026,regular,7,Old Dominion,Georgia Southern,
401860923,2026-10-15,2026-10-16T00:00:00Z,Texas State Bobcats,Colorado State Rams,,,False,True,UFCU Stadium,False,Scheduled,,,2026,regular,7,Texas State,Colorado State,
401862801,2026-10-16,2026-10-16T23:30:00Z,Tulane Green Wave,Memphis Tigers,,,False,True,Yulman Stadium,False,Scheduled,,,2026,regular,7,Tulane,Memphis,
401858493,2026-10-16,2026-10-17T00:00:00Z,Purdue Boilermakers,Washington Huskies,,,False,True,Ross-Ade Stadium,False,Scheduled,,,2026,regular,7,Purdue,Washington,
401869844,2026-10-16,2026-10-17T00:00:00Z,Coastal Carolina Chanticleers,App State Mountaineers,,,False,True,Brooks Stadium (SC),False,Scheduled,,,2026,regular,7,Coastal Carolina,App State,
401856833,2026-10-17,2026-10-17T04:00:00Z,Colorado Buffaloes,Utah Utes,,12.0,False,True,Folsom Field,False,Scheduled,,,2026,regular,7,Colorado,Utah,
401858269,2026-10-17,2026-10-17T04:00:00Z,California Golden Bears,Wake Forest Demon Deacons,,,False,True,California Memorial Stadium,False,Scheduled,,,2026,regular,7,California,Wake Forest,
401858490,2026-10-17,2026-10-17T04:00:00Z,Michigan Wolverines,Penn State Nittany Lions,,,False,True,Michigan Stadium,False,Scheduled,,,2026,regular,7,Michigan,Penn State,
401858492,2026-10-17,2026-10-17T04:00:00Z,Oregon Ducks,Nebraska Cornhuskers,13.0,,False,True,Autzen Stadium,False,Scheduled,,,2026,regular,7,Oregon,Nebraska,
401858494,2026-10-17,2026-10-17T04:00:00Z,UCLA Bruins,Wisconsin Badgers,21.0,,False,True,Rose Bowl,False,Scheduled,,,2026,regular,7,UCLA,Wisconsin,
401856720,2026-10-17,2026-10-17T16:00:00Z,LSU Tigers,Mississippi State Bulldogs,10.0,17.0,False,True,Tiger Stadium (LA),False,Scheduled,,,2026,regular,7,LSU,Mississippi State,
401856724,2026-10-17,2026-10-17T16:00:00Z,Texas Longhorns,Florida Gators,1.0,16.0,False,True,DKR-Texas Memorial Stadium,False,Scheduled,,,2026,regular,7,Texas,Florida,
401856829,2026-10-17,2026-10-17T16:00:00Z,West Virginia Mountaineers,Cincinnati Bearcats,,,False,True,Milan Puskar Stadium,False,Scheduled,,,2026,regular,7,West Virginia,Cincinnati,
401856830,2026-10-17,2026-10-17T16:00:00Z,Kansas State Wildcats,Kansas Jayhawks,,,False,True,Bill Snyder Family Stadium,False,Scheduled,,,2026,regular,7,Kansas State,Kansas,
401858261,2026-10-17,2026-10-17T16:00:00Z,Clemson Tigers,Charleston Southern Buccaneers,,,False,False,"Memorial Stadium (Clemson, SC)",False,Scheduled,,,2026,regular,7,Clemson,Charleston Southern,
401858267,2026-10-17,2026-10-17T16:00:00Z,Boston College Eagles,Pittsburgh Panthers,,25.0,False,True,"Alumni Stadium (Chestnut Hill, MA)",False,Scheduled,,,2026,regular,7,Boston College,Pittsburgh,
401858268,2026-10-17,2026-10-17T16:00:00Z,SMU Mustangs,Virginia Cavaliers,24.0,,False,True,Gerald J. Ford Stadium,False,Scheduled,,,2026,regular,7,SMU,Virginia,
401858488,2026-10-17,2026-10-17T16:00:00Z,Indiana Hoosiers,Ohio State Buckeyes,7.0,5.0,False,True,"Memorial Stadium (Bloomington, IN)",False,Scheduled,,,2026,regular,7,Indiana,Ohio State,
401858491,2026-10-17,2026-10-17T16:00:00Z,Michigan State Spartans,Northwestern Wildcats,,,False,True,Spartan Stadium,False,Scheduled,,,2026,regular,7,Michigan State,Northwestern,
401862802,2026-10-17,2026-10-17T16:00:00Z,Army Black Knights,Florida Atlantic Owls,,,False,True,Michie Stadium,False,Scheduled,,,2026,regular,7,Army,Florida Atlantic,
401866441,2026-10-17,2026-10-17T16:00:00Z,Bowling Green Falcons,Ball State Cardinals,,,False,True,Doyt L. Perry Stadium,False,Scheduled,,,2026,regular,7,Bowling Green,Ball State,
401869957,2026-10-17,2026-10-17T16:00:00Z,James Madison Dukes,Georgia State Panthers,,,False,True,Bridgeforth Stadium,False,Scheduled,,,2026,regular,7,James Madison,Georgia State,
401858489,2026-10-17,2026-10-17T16:30:00Z,Maryland Terrapins,Rutgers Scarlet Knights,,,False,True,SECU Stadium,False,Scheduled,,,2026,regular,7,Maryland,Rutgers,
401856725,2026-10-17,2026-10-17T17:00:00Z,Texas A&M Aggies,The Citadel Bulldogs,,,False,False,Kyle Field,False,Scheduled,,,2026,regular,7,Texas A&M,The Citadel,
401862803,2026-10-17,2026-10-17T17:00:00Z,Temple Owls,Charlotte 49ers,,,False,True,Lincoln Financial Field,False,Scheduled,,,2026,regular,7,Temple,Charlotte,
401866442,2026-10-17,2026-10-17T17:00:00Z,Buffalo Bulls,Massachusetts Minutemen,,,False,True,Broadview Stadium,False,Scheduled,,,2026,regular,7,Buffalo,Massachusetts,
401866443,2026-10-17,2026-10-17T17:30:00Z,Central Michigan Chippewas,Western Michigan Broncos,,,False,True,Kelly/Shorts Stadium,False,Scheduled,,,2026,regular,7,Central Michigan,Western Michigan,
401856719,2026-10-17,2026-10-17T19:30:00Z,Georgia Bulldogs,Auburn Tigers,2.0,,False,True,Sanford Stadium,False,Scheduled,,,2026,regular,7,Georgia,Auburn,
401856721,2026-10-17,2026-10-17T19:30:00Z,Ole Miss Rebels,Missouri Tigers,9.0,14.0,False,True,Vaught-Hemingway Stadium,False,Scheduled,,,2026,regular,7,Ole Miss,Missouri,
401856723,2026-10-17,2026-10-17T19:30:00Z,Tennessee Volunteers,Alabama Crimson Tide,15.0,6.0,False,True,Neyland Stadium,False,Scheduled,,,2026,regular,7,Tennessee,Alabama,
401856828,2026-10-17,2026-10-17T19:30:00Z,Texas Tech Red Raiders,Arizona State Sun Devils,11.0,,False,True,Galaxy Stadium,False,Scheduled,,,2026,regular,7,Texas Tech,Arizona State,
401858264,2026-10-17,2026-10-17T19:30:00Z,Virginia Tech Hokies,Georgia Tech Yellow Jackets,,,False,True,Lane Stadium,False,Scheduled,,,2026,regular,7,Virginia Tech,Georgia Tech,
401858266,2026-10-17,2026-10-17T19:30:00Z,Duke Blue Devils,North Carolina Tar Heels,,,False,True,Wallace Wade Stadium,False,Scheduled,,,2026,regular,7,Duke,North Carolina,
401864522,2026-10-17,2026-10-17T19:30:00Z,Wyoming Cowboys,Northern Illinois Huskies,,,False,True,War Memorial Stadium,False,Scheduled,,,2026,regular,7,Wyoming,Northern Illinois,
401864524,2026-10-17,2026-10-17T19:30:00Z,Air Force Falcons,UNLV Rebels,,,False,True,Falcon Stadium,False,Scheduled,,,2026,regular,7,Air Force,UNLV,
401866444,2026-10-17,2026-10-17T19:30:00Z,Eastern Michigan Eagles,Toledo Rockets,,,False,True,Rynearson Stadium,False,Scheduled,,,2026,regular,7,Eastern Michigan,Toledo,
401866478,2026-10-17,2026-10-17T19:30:00Z,Miami (OH) RedHawks,Akron Zips,,,False,True,Yager Stadium,False,Scheduled,,,2026,regular,7,Miami (OH),Akron,
401862805,2026-10-17,2026-10-17T20:30:00Z,Rice Owls,Tulsa Golden Hurricane,,,False,True,First Community Stadium,False,Scheduled,,,2026,regular,7,Rice,Tulsa,
401869966,2026-10-17,2026-10-17T21:00:00Z,Louisiana Ragin' Cajuns,Troy Trojans,,,False,True,Our Lady of Lourdes Stadium,False,Scheduled,,,2026,regular,7,Louisiana,Troy,
401860903,2026-10-17,2026-10-17T22:00:00Z,Oregon State Beavers,Washington State Cougars,,,False,True,Reser Stadium,False,Scheduled,,,2026,regular,7,Oregon State,Washington State,
401856726,2026-10-17,2026-10-17T23:00:00Z,Vanderbilt Commodores,Arkansas Razorbacks,,,False,True,FirstBank Stadium,False,Scheduled,,,2026,regular,7,Vanderbilt,Arkansas,
401856832,2026-10-17,2026-10-17T23:00:00Z,Baylor Bears,TCU Horned Frogs,,,False,True,McLane Stadium,False,Scheduled,,,2026,regular,7,Baylor,TCU,
401858263,2026-10-17,2026-10-17T23:00:00Z,Miami Hurricanes,Florida State Seminoles,4.0,,False,True,Hard Rock Stadium,False,Scheduled,,,2026,regular,7,Miami,Florida State,
401862806,2026-10-17,2026-10-17T23:00:00Z,South Florida Bulls,Kent State Golden Flashes,,,False,False,Raymond James Stadium,False,Scheduled,,,2026,regular,7,South Florida,Kent State,
401864520,2026-10-17,2026-10-17T23:00:00Z,North Dakota State Bison,Nevada Wolf Pack,,,False,True,Fargodome,True,Scheduled,,,2026,regular,7,North Dakota State,Nevada,
401869934,2026-10-17,2026-10-17T23:00:00Z,Southern Miss Golden Eagles,Arkansas State Red Wolves,,,False,True,M. M. Roberts Stadium,False,Scheduled,,,2026,regular,7,Southern Miss,Arkansas State,
401856722,2026-10-17,2026-10-17T23:30:00Z,Oklahoma Sooners,Kentucky Wildcats,,,False,True,"Memorial Stadium (Norman, OK)",False,Scheduled,,,2026,regular,7,Oklahoma,Kentucky,
401856809,2026-10-17,2026-10-17T23:30:00Z,BYU Cougars,Notre Dame Fighting Irish,8.0,3.0,False,False,LaVell Edwards Stadium,False,Scheduled,,,2026,regular,7,BYU,Notre Dame,
401856831,2026-10-17,2026-10-17T23:30:00Z,Houston Cougars,Oklahoma State Cowboys,22.0,18.0,False,True,TDECU Stadium,False,Scheduled,,,2026,regular,7,Houston,Oklahoma State,
401858262,2026-10-17,2026-10-17T23:30:00Z,Stanford Cardinal,Elon Phoenix,,,False,False,Stanford Stadium,False,Scheduled,,,2026,regular,7,Stanford,Elon,
401858265,2026-10-17,2026-10-17T23:30:00Z,Syracuse Orange,Louisville Cardinals,,,False,True,JMA Wireless Dome,True,Scheduled,,,2026,regular,7,Syracuse,Louisville,
401862804,2026-10-17,2026-10-18T00:00:00Z,UTSA Roadrunners,Navy Midshipmen,,,False,True,Alamodome,True,Scheduled,,,2026,regular,7,UTSA,Navy,
401871091,2026-10-17,2026-10-18T00:00:00Z,UL Monroe Warhawks,Louisiana Tech Bulldogs,,,False,True,Malone Stadium,False,Scheduled,,,2026,regular,7,UL Monroe,Louisiana Tech,
401864523,2026-10-17,2026-10-18T01:00:00Z,UTEP Miners,San José State Spartans,,,False,True,Sun Bowl,False,Scheduled,,,2026,regular,7,UTEP,San José State,
401866445,2026-10-17,2026-10-18T02:00:00Z,Sacramento State Hornets,Ohio Bobcats,,,False,True,Hornet Stadium,False,Scheduled,,,2026,regular,7,Sacramento State,Ohio,
401860904,2026-10-17,2026-10-18T02:30:00Z,San Diego State Aztecs,Fresno State Bulldogs,,,False,True,Snapdragon Stadium,False,Scheduled,,,2026,regular,7,San Diego State,Fresno State,
401864521,2026-10-17,2026-10-18T02:30:00Z,Hawai'i Rainbow Warriors,New Mexico Lobos,,,False,True,Clarence T.C. Ching Athletics Complex,False,Scheduled,,,2026,regular,7,Hawai'i,New Mexico,
