ts_utc,run_label,strategy_id,game_pk,game_date_et,reason
2026-08-20T15:06:17Z,morning,pv_orig,824474,2026-08-20,"[O1_off_day] thursday is an off day, no big scam"
2026-08-20T15:06:17Z,morning,pv_orig,824395,2026-08-20,"[O1_off_day] thursday is an off day, no big scam"
2026-08-20T15:06:17Z,morning,pv_orig,822934,2026-08-20,"[O1_off_day] thursday is an off day, no big scam"
2026-08-20T15:06:17Z,morning,pv_orig,824074,2026-08-20,"[O1_off_day] thursday is an off day, no big scam"
2026-08-20T15:06:17Z,morning,pv_orig,824589,2026-08-20,"[O1_off_day] thursday is an off day, no big scam"
2026-08-20T15:06:17Z,morning,pv_orig,823747,2026-08-20,"[O1_off_day] thursday is an off day, no big scam"
2026-08-20T21:13:42Z,pregame,pv_orig,824802,2026-08-20,"[O1_off_day] thursday is an off day, no big scam"
2026-08-20T21:13:42Z,pregame,pv_orig,822861,2026-08-20,"[O1_off_day] thursday is an off day, no big scam"
2026-08-20T21:13:42Z,pregame,pv_orig,824153,2026-08-20,"[O1_off_day] thursday is an off day, no big scam"
2026-08-21T21:10:00Z,pregame,pv_orig,823420,2026-08-21,[O7] heavy favorite -275
2026-08-21T21:10:00Z,pregame,pv_orig,823510,2026-08-21,[O6] public slot price -197 more expensive than -160
2026-08-21T21:10:00Z,pregame,pv_orig,824721,2026-08-21,[O4] no natural/scam signal for this slot
2026-08-21T21:10:00Z,pregame,pv_orig,823830,2026-08-21,[O4] no natural/scam signal for this slot
2026-08-21T21:10:00Z,pregame,pv_orig,824800,2026-08-21,[O4] no natural/scam signal for this slot
2026-08-21T21:10:00Z,pregame,pv_orig,824559,2026-08-21,[O4] no natural/scam signal for this slot
2026-08-21T21:10:00Z,pregame,pv_orig,824072,2026-08-21,[O4] no natural/scam signal for this slot
2026-08-21T21:10:00Z,pregame,pv_orig,824152,2026-08-21,[O4] no natural/scam signal for this slot
2026-08-21T21:10:00Z,pregame,pv_orig,822857,2026-08-21,[O4] no natural/scam signal for this slot
2026-08-21T21:10:00Z,pregame,pv_orig,824317,2026-08-21,[O4] no natural/scam signal for this slot
2026-08-21T21:10:00Z,pregame,pv_orig,825045,2026-08-21,[O4] no natural/scam signal for this slot
2026-08-21T21:10:00Z,pregame,pv_orig,823262,2026-08-21,[O4] no natural/scam signal for this slot
2026-08-21T21:10:00Z,pregame,pv_orig,823911,2026-08-21,[O4] no natural/scam signal for this slot
2026-08-21T21:10:00Z,pregame,pv_orig,823101,2026-08-21,[O4] no natural/scam signal for this slot
2026-08-21T21:10:00Z,pregame,pv_v3,824152,2026-08-21,[R8_veto] Houston Astros lost last game by 15 with ERA 5.16 vs 3.53
2026-08-21T21:10:00Z,pregame,pv_v3,823262,2026-08-21,"[R3] no movement signal, no dossier edge"
2026-08-22T14:49:34Z,morning,pv_orig,823509,2026-08-22,"[O1_off_day] saturday is an off day, no big scam"
2026-08-22T14:49:34Z,morning,pv_orig,823743,2026-08-22,"[O1_off_day] saturday is an off day, no big scam"
2026-08-22T21:04:50Z,pregame,pv_orig,823422,2026-08-22,"[O1_off_day] saturday is an off day, no big scam"
2026-08-22T21:04:50Z,pregame,pv_orig,824798,2026-08-22,"[O1_off_day] saturday is an off day, no big scam"
2026-08-22T21:04:50Z,pregame,pv_orig,822858,2026-08-22,"[O1_off_day] saturday is an off day, no big scam"
2026-08-22T21:04:50Z,pregame,pv_orig,824151,2026-08-22,"[O1_off_day] saturday is an off day, no big scam"
2026-08-22T21:04:50Z,pregame,pv_orig,824560,2026-08-22,"[O1_off_day] saturday is an off day, no big scam"
2026-08-22T21:04:50Z,pregame,pv_orig,824073,2026-08-22,"[O1_off_day] saturday is an off day, no big scam"
2026-08-22T21:04:50Z,pregame,pv_orig,823910,2026-08-22,"[O1_off_day] saturday is an off day, no big scam"
2026-08-22T21:04:50Z,pregame,pv_orig,823100,2026-08-22,"[O1_off_day] saturday is an off day, no big scam"
2026-08-22T21:04:50Z,pregame,pv_orig,824718,2026-08-22,"[O1_off_day] saturday is an off day, no big scam"
2026-08-22T21:04:50Z,pregame,pv_orig,825044,2026-08-22,"[O1_off_day] saturday is an off day, no big scam"
2026-08-22T21:04:50Z,pregame,pv_orig,824316,2026-08-22,"[O1_off_day] saturday is an off day, no big scam"
2026-08-22T21:04:50Z,pregame,pv_orig,823261,2026-08-22,"[O1_off_day] saturday is an off day, no big scam"
2026-08-22T21:04:50Z,pregame,pv_v3,823100,2026-08-22,"[R3] no movement signal, no dossier edge"
2026-08-23T14:51:08Z,morning,fade_public,824799,2026-08-23,[FP_ml] no-divergence: max tickets 55% < 65%
2026-08-23T14:51:08Z,morning,fade_public,824150,2026-08-23,[FP_ml] no-divergence: max tickets 58% < 65%
2026-08-23T14:51:08Z,morning,fade_public,824558,2026-08-23,[FP_ml] no-divergence: max tickets 58% < 65%
2026-08-23T14:51:08Z,morning,fade_public,824315,2026-08-23,[FP_ml] no-divergence: max tickets 60% < 65%
2026-08-23T14:51:08Z,morning,pv_orig,824799,2026-08-23,"[O2_slot_mismatch] V day, P slot -- no outrageous scam"
2026-08-23T14:51:08Z,morning,pv_orig,823421,2026-08-23,"[O2_slot_mismatch] V day, P slot -- no outrageous scam"
2026-08-23T14:51:08Z,morning,pv_orig,823507,2026-08-23,"[O2_slot_mismatch] V day, P slot -- no outrageous scam"
2026-08-23T14:51:08Z,morning,pv_orig,824071,2026-08-23,"[O2_slot_mismatch] V day, P slot -- no outrageous scam"
2026-08-23T14:51:08Z,morning,pv_orig,824150,2026-08-23,"[O2_slot_mismatch] V day, P slot -- no outrageous scam"
2026-08-23T14:51:08Z,morning,pv_orig,824558,2026-08-23,"[O2_slot_mismatch] V day, P slot -- no outrageous scam"
2026-08-23T14:51:08Z,morning,pv_orig,822856,2026-08-23,[O4] no natural/scam signal for this slot
2026-08-23T14:51:08Z,morning,pv_orig,824315,2026-08-23,[O4] no natural/scam signal for this slot
2026-08-23T14:51:08Z,morning,pv_orig,824720,2026-08-23,[O4] no natural/scam signal for this slot
2026-08-23T14:51:08Z,morning,sharp_split,823421,2026-08-23,[SS_ml] no-divergence: best gap +8 (need >=10 and handle >=50)
2026-08-23T14:51:08Z,morning,sharp_split,823507,2026-08-23,[SS_ml] no-divergence: best gap +6 (need >=10 and handle >=50)
2026-08-23T14:51:08Z,morning,sharp_split,823827,2026-08-23,[SS_ml] no-divergence: best gap +12 (need >=10 and handle >=50)
2026-08-23T14:51:08Z,morning,sharp_split,822856,2026-08-23,[SS_ml] no-divergence: best gap +8 (need >=10 and handle >=50)
2026-08-23T21:03:54Z,pregame,pv_orig,823745,2026-08-23,"[O2_slot_mismatch] V day, P slot -- no outrageous scam"
2026-08-23T21:03:54Z,pregame,sharp_split,823745,2026-08-23,[SS_ml] no-divergence: best gap +12 (need >=10 and handle >=50)
2026-08-24T21:15:18Z,pregame,fade_public,823828,2026-08-24,[FP_ml] no-divergence: max tickets 61% < 65%
2026-08-24T21:15:18Z,pregame,fade_public,823260,2026-08-24,[FP_ml] no-divergence: max tickets 62% < 65%
2026-08-24T21:15:18Z,pregame,fade_public,823183,2026-08-24,[FP_ml] no-divergence: max tickets 60% < 65%
2026-08-24T21:15:18Z,pregame,pv_orig,824235,2026-08-24,[O4] no natural/scam signal for this slot
2026-08-24T21:15:18Z,pregame,pv_orig,823828,2026-08-24,[O4] no natural/scam signal for this slot
2026-08-24T21:15:18Z,pregame,pv_orig,822695,2026-08-24,[O4] no natural/scam signal for this slot
2026-08-24T21:15:18Z,pregame,pv_orig,824557,2026-08-24,[O4] no natural/scam signal for this slot
2026-08-24T21:15:18Z,pregame,pv_orig,823992,2026-08-24,[O4] no natural/scam signal for this slot
2026-08-24T21:15:18Z,pregame,pv_orig,825041,2026-08-24,[O4] no natural/scam signal for this slot
2026-08-24T21:15:18Z,pregame,pv_orig,823260,2026-08-24,[O4] no natural/scam signal for this slot
2026-08-24T21:15:18Z,pregame,pv_orig,824964,2026-08-24,[O4] no natural/scam signal for this slot
2026-08-24T21:15:18Z,pregame,pv_orig,823097,2026-08-24,[O4] no natural/scam signal for this slot
2026-08-24T21:15:18Z,pregame,pv_orig,823183,2026-08-24,[O4] no natural/scam signal for this slot
2026-08-24T21:15:18Z,pregame,pv_v3,822695,2026-08-24,[R8_veto] Colorado Rockies lost last game by 5 with ERA 5.97 vs 3.22
2026-08-24T21:15:18Z,pregame,sharp_split,824235,2026-08-24,[SS_ml] no-divergence: best gap +7 (need >=10 and handle >=50)
2026-08-24T21:15:18Z,pregame,sharp_split,823828,2026-08-24,[SS_ml] no-divergence: best gap +3 (need >=10 and handle >=50)
2026-08-24T21:15:18Z,pregame,sharp_split,822695,2026-08-24,[SS_ml] no-divergence: best gap +6 (need >=10 and handle >=50)
2026-08-24T21:15:18Z,pregame,sharp_split,823992,2026-08-24,[SS_ml] no-divergence: best gap +0 (need >=10 and handle >=50)
2026-08-24T21:15:18Z,pregame,sharp_split,824964,2026-08-24,[SS_ml] no-divergence: best gap +8 (need >=10 and handle >=50)
2026-08-25T21:13:01Z,pregame,fade_public,822773,2026-08-25,[FP_ml] no-divergence: max tickets 55% < 65%
2026-08-25T21:13:01Z,pregame,fade_public,824556,2026-08-25,[FP_ml] no-divergence: max tickets 61% < 65%
2026-08-25T21:13:01Z,pregame,fade_public,823259,2026-08-25,[FP_ml] no-splits: none captured for game
2026-08-25T21:13:01Z,pregame,fade_public,823181,2026-08-25,[FP_ml] no-divergence: max tickets 50% < 65%
2026-08-25T21:13:01Z,pregame,pv_orig,824233,2026-08-25,"[O2_slot_mismatch] V day, P slot -- no outrageous scam"
2026-08-25T21:13:01Z,pregame,pv_orig,823826,2026-08-25,"[O2_slot_mismatch] V day, P slot -- no outrageous scam"
2026-08-25T21:13:01Z,pregame,pv_orig,823505,2026-08-25,[O4] no natural/scam signal for this slot
2026-08-25T21:13:01Z,pregame,pv_orig,822773,2026-08-25,[O3_first_meeting] no totals on a season-first meeting
2026-08-25T21:13:01Z,pregame,pv_orig,823585,2026-08-25,[O4] no natural/scam signal for this slot
2026-08-25T21:13:01Z,pregame,pv_orig,824881,2026-08-25,[O4] no natural/scam signal for this slot
2026-08-25T21:13:01Z,pregame,pv_orig,823016,2026-08-25,[O3_first_meeting] no totals on a season-first meeting
2026-08-25T21:13:01Z,pregame,pv_orig,825042,2026-08-25,"[O2_slot_mismatch] V day, P slot -- no outrageous scam"
2026-08-25T21:13:01Z,pregame,pv_orig,823259,2026-08-25,"[O2_slot_mismatch] V day, P slot -- no outrageous scam"
2026-08-25T21:13:01Z,pregame,pv_orig,824962,2026-08-25,"[O2_slot_mismatch] V day, P slot -- no outrageous scam"
2026-08-25T21:13:01Z,pregame,pv_orig,823098,2026-08-25,"[O2_slot_mismatch] V day, P slot -- no outrageous scam"
2026-08-25T21:13:01Z,pregame,sharp_split,824233,2026-08-25,[SS_ml] no-divergence: best gap +2 (need >=10 and handle >=50)
2026-08-25T21:13:01Z,pregame,sharp_split,823826,2026-08-25,[SS_ml] no-divergence: best gap +22 (need >=10 and handle >=50)
2026-08-25T21:13:01Z,pregame,sharp_split,822693,2026-08-25,[SS_ml] no-divergence: best gap +2 (need >=10 and handle >=50)
2026-08-25T21:13:01Z,pregame,sharp_split,823505,2026-08-25,[SS_ml] no-divergence: best gap +6 (need >=10 and handle >=50)
2026-08-25T21:13:01Z,pregame,sharp_split,823585,2026-08-25,[SS_ml] no-divergence: best gap +2 (need >=10 and handle >=50)
2026-08-25T21:13:01Z,pregame,sharp_split,824881,2026-08-25,[SS_ml] no-divergence: best gap +7 (need >=10 and handle >=50)
2026-08-25T21:13:01Z,pregame,sharp_split,824556,2026-08-25,[SS_ml] no-divergence: best gap +1 (need >=10 and handle >=50)
2026-08-25T21:13:01Z,pregame,sharp_split,823016,2026-08-25,[SS_ml] no-divergence: best gap +2 (need >=10 and handle >=50)
2026-08-25T21:13:01Z,pregame,sharp_split,823989,2026-08-25,[SS_ml] no-divergence: best gap +9 (need >=10 and handle >=50)
2026-08-25T21:13:01Z,pregame,sharp_split,825042,2026-08-25,[SS_ml] no-divergence: best gap +0 (need >=10 and handle >=50)
2026-08-25T21:13:01Z,pregame,sharp_split,823259,2026-08-25,[SS_ml] no-splits: none captured for game
2026-08-25T21:13:01Z,pregame,sharp_split,823098,2026-08-25,[SS_ml] no-divergence: best gap +0 (need >=10 and handle >=50)
2026-08-26T16:03:55Z,morning,fade_public,824234,2026-08-26,[FP_ml] no-divergence: max tickets 62% < 65%
2026-08-26T16:03:55Z,morning,fade_public,823180,2026-08-26,[FP_ml] no-divergence: max tickets 64% < 65%
2026-08-26T16:03:55Z,morning,pv_orig,825039,2026-08-26,[O4] no natural/scam signal for this slot
2026-08-26T16:03:55Z,morning,pv_orig,823180,2026-08-26,[O4] no natural/scam signal for this slot
2026-08-26T16:03:55Z,morning,sharp_split,824234,2026-08-26,[SS_ml] no-divergence: best gap +7 (need >=10 and handle >=50)
2026-08-27T00:17:45Z,pregame,fade_public,824963,2026-08-26,[FP_ml] no-splits: none captured for game
2026-08-27T00:17:45Z,pregame,pv_orig,824963,2026-08-26,[O4] no natural/scam signal for this slot
2026-08-27T00:17:45Z,pregame,sharp_split,824963,2026-08-26,[SS_ml] no-splits: none captured for game
2026-08-28T04:55:28Z,pregame,fade_public,824396,2026-08-28,[FP_ml] no-divergence: max tickets 64% < 65%
2026-08-28T04:55:28Z,pregame,fade_public,823583,2026-08-28,[FP_ml] no-divergence: max tickets 56% < 65%
2026-08-28T04:55:28Z,pregame,fade_public,822769,2026-08-28,[FP_ml] no-splits: none captured for game
2026-08-28T04:55:28Z,pregame,fade_public,823666,2026-08-28,[FP_ml] no-splits: none captured for game
2026-08-28T04:55:28Z,pregame,fade_public,823013,2026-08-28,[FP_ml] no-splits: none captured for game
2026-08-28T04:55:28Z,pregame,fade_public,823985,2026-08-28,[FP_ml] no-splits: none captured for game
2026-08-28T04:55:28Z,pregame,fade_public,824960,2026-08-28,[FP_ml] no-splits: none captured for game
2026-08-28T04:55:28Z,pregame,fade_public,823178,2026-08-28,[FP_ml] no-splits: none captured for game
2026-08-28T04:55:29Z,pregame,fav_ml,822769,2026-08-28,[B_FAV] no matched odds event
2026-08-28T04:55:29Z,pregame,fav_ml,824960,2026-08-28,[B_FAV] no matched odds event
2026-08-28T04:55:29Z,pregame,fav_ml,823178,2026-08-28,[B_FAV] no matched odds event
2026-08-28T04:55:29Z,pregame,pv_orig,824638,2026-08-28,[O4] no natural/scam signal for this slot
2026-08-28T04:55:29Z,pregame,pv_orig,824231,2026-08-28,[O4] no natural/scam signal for this slot
2026-08-28T04:55:29Z,pregame,pv_orig,822691,2026-08-28,[O4] no natural/scam signal for this slot
2026-08-28T04:55:29Z,pregame,pv_orig,824396,2026-08-28,[O4] no natural/scam signal for this slot
2026-08-28T04:55:29Z,pregame,pv_orig,823583,2026-08-28,[O4] no natural/scam signal for this slot
2026-08-28T04:55:29Z,pregame,pv_orig,822935,2026-08-28,[O4] no natural/scam signal for this slot
2026-08-28T04:55:29Z,pregame,pv_orig,822769,2026-08-28,[O0] no matched odds event
2026-08-28T04:55:29Z,pregame,pv_orig,824877,2026-08-28,[O4] no natural/scam signal for this slot
2026-08-28T04:55:29Z,pregame,pv_orig,823504,2026-08-28,[O4] no natural/scam signal for this slot
2026-08-28T04:55:29Z,pregame,pv_orig,823744,2026-08-28,[O4] no natural/scam signal for this slot
2026-08-28T04:55:29Z,pregame,pv_orig,823666,2026-08-28,[O4] no natural/scam signal for this slot
2026-08-28T04:55:29Z,pregame,pv_orig,823013,2026-08-28,[O4] no natural/scam signal for this slot
2026-08-28T04:55:29Z,pregame,pv_orig,823985,2026-08-28,[O4] no natural/scam signal for this slot
2026-08-28T04:55:29Z,pregame,pv_orig,824960,2026-08-28,[O0] no matched odds event
2026-08-28T04:55:29Z,pregame,pv_orig,823178,2026-08-28,[O0] no matched odds event
2026-08-28T04:55:29Z,pregame,pv_v3,822769,2026-08-28,[R0] no matched odds event
2026-08-28T04:55:29Z,pregame,pv_v3,824960,2026-08-28,[R0] no matched odds event
2026-08-28T04:55:29Z,pregame,pv_v3,823178,2026-08-28,[R0] no matched odds event
2026-08-28T04:55:29Z,pregame,sharp_split,824638,2026-08-28,[SS_ml] no-divergence: best gap +27 (need >=10 and handle >=50)
2026-08-28T04:55:29Z,pregame,sharp_split,824231,2026-08-28,[SS_ml] no-divergence: best gap +6 (need >=10 and handle >=50)
2026-08-28T04:55:29Z,pregame,sharp_split,823583,2026-08-28,[SS_ml] no-divergence: best gap +4 (need >=10 and handle >=50)
2026-08-28T04:55:29Z,pregame,sharp_split,822769,2026-08-28,[SS_ml] no-splits: none captured for game
2026-08-28T04:55:29Z,pregame,sharp_split,824877,2026-08-28,[SS_ml] no-divergence: best gap +5 (need >=10 and handle >=50)
2026-08-28T04:55:29Z,pregame,sharp_split,823744,2026-08-28,[SS_ml] no-divergence: best gap +4 (need >=10 and handle >=50)
2026-08-28T04:55:29Z,pregame,sharp_split,823666,2026-08-28,[SS_ml] no-splits: none captured for game
2026-08-28T04:55:29Z,pregame,sharp_split,823013,2026-08-28,[SS_ml] no-splits: none captured for game
2026-08-28T04:55:29Z,pregame,sharp_split,823985,2026-08-28,[SS_ml] no-splits: none captured for game
2026-08-28T04:55:29Z,pregame,sharp_split,824960,2026-08-28,[SS_ml] no-splits: none captured for game
2026-08-28T04:55:29Z,pregame,sharp_split,823178,2026-08-28,[SS_ml] no-splits: none captured for game
2026-08-29T17:48:29Z,morning,fade_public,823665,2026-08-29,[FP_ml] status=Live
2026-08-29T17:48:29Z,morning,fade_public,822770,2026-08-29,[FP_ml] no-divergence: max tickets 63% < 65%
2026-08-29T17:48:29Z,morning,fav_ml,823665,2026-08-29,[B_FAV] status=Live
2026-08-29T17:48:29Z,morning,pv_orig,823665,2026-08-29,[O0] status=Live
2026-08-29T17:48:29Z,morning,pv_orig,823011,2026-08-29,"[O1_off_day] saturday is an off day, no big scam"
2026-08-29T17:48:29Z,morning,pv_orig,824637,2026-08-29,"[O1_off_day] saturday is an off day, no big scam"
2026-08-29T17:48:29Z,morning,pv_v3,823665,2026-08-29,[R0] status=Live
2026-08-29T17:48:29Z,morning,sharp_split,823665,2026-08-29,[SS_ml] status=Live
2026-08-29T17:48:29Z,morning,sharp_split,823011,2026-08-29,[SS_ml] no-divergence: best gap +4 (need >=10 and handle >=50)
2026-08-29T17:48:29Z,morning,sharp_split,824637,2026-08-29,[SS_ml] no-divergence: best gap +6 (need >=10 and handle >=50)
2026-08-29T22:49:56Z,pregame,fade_public,823501,2026-08-29,[FP_ml] status=Live
2026-08-29T22:49:56Z,pregame,fade_public,823176,2026-08-29,[FP_ml] no-splits: none captured for game
2026-08-29T22:49:56Z,pregame,fav_ml,823501,2026-08-29,[B_FAV] status=Live
2026-08-29T22:49:56Z,pregame,pv_orig,823501,2026-08-29,[O0] status=Live
2026-08-29T22:49:56Z,pregame,pv_orig,823176,2026-08-29,"[O1_off_day] saturday is an off day, no big scam"
2026-08-29T22:49:56Z,pregame,pv_orig,823741,2026-08-29,"[O1_off_day] saturday is an off day, no big scam"
2026-08-29T22:49:56Z,pregame,pv_orig,824961,2026-08-29,"[O1_off_day] saturday is an off day, no big scam"
2026-08-29T22:49:56Z,pregame,pv_orig,823986,2026-08-29,"[O1_off_day] saturday is an off day, no big scam"
2026-08-29T22:49:56Z,pregame,pv_v3,823501,2026-08-29,[R0] status=Live
2026-08-29T22:49:57Z,pregame,sharp_split,823501,2026-08-29,[SS_ml] status=Live
2026-08-29T22:49:57Z,pregame,sharp_split,823176,2026-08-29,[SS_ml] no-splits: none captured for game
2026-08-29T22:49:57Z,pregame,sharp_split,823741,2026-08-29,[SS_ml] no-divergence: best gap +1 (need >=10 and handle >=50)
2026-08-29T22:49:57Z,pregame,sharp_split,824961,2026-08-29,[SS_ml] no-divergence: best gap +9 (need >=10 and handle >=50)
2026-08-29T22:49:57Z,pregame,sharp_split,823986,2026-08-29,[SS_ml] no-divergence: best gap +4 (need >=10 and handle >=50)
2026-08-30T18:09:45Z,morning,fade_public,823662,2026-08-30,[FP_ml] status=Live
2026-08-30T18:09:45Z,morning,fade_public,823740,2026-08-30,[FP_ml] status=Live
2026-08-30T18:09:45Z,morning,fade_public,823010,2026-08-30,[FP_ml] status=Live
2026-08-30T18:09:45Z,morning,fade_public,823580,2026-08-30,[FP_ml] no-divergence: max tickets 59% < 65%
2026-08-30T18:09:45Z,morning,fav_ml,823662,2026-08-30,[B_FAV] status=Live
2026-08-30T18:09:45Z,morning,fav_ml,823740,2026-08-30,[B_FAV] status=Live
2026-08-30T18:09:45Z,morning,fav_ml,823010,2026-08-30,[B_FAV] status=Live
2026-08-30T18:09:45Z,morning,pv_orig,823662,2026-08-30,[O0] status=Live
2026-08-30T18:09:45Z,morning,pv_orig,823740,2026-08-30,[O0] status=Live
2026-08-30T18:09:45Z,morning,pv_orig,823010,2026-08-30,[O0] status=Live
2026-08-30T18:09:45Z,morning,pv_orig,823580,2026-08-30,[O4] no natural/scam signal for this slot
2026-08-30T18:09:45Z,morning,pv_v3,823662,2026-08-30,[R0] status=Live
2026-08-30T18:09:45Z,morning,pv_v3,823740,2026-08-30,[R0] status=Live
2026-08-30T18:09:45Z,morning,pv_v3,823010,2026-08-30,[R0] status=Live
2026-08-30T18:09:45Z,morning,sharp_split,823662,2026-08-30,[SS_ml] status=Live
2026-08-30T18:09:45Z,morning,sharp_split,823740,2026-08-30,[SS_ml] status=Live
2026-08-30T18:09:45Z,morning,sharp_split,823010,2026-08-30,[SS_ml] status=Live
2026-08-30T18:09:45Z,morning,sharp_split,823580,2026-08-30,[SS_ml] no-divergence: best gap +7 (need >=10 and handle >=50)
2026-08-30T22:57:41Z,pregame,pv_orig,824636,2026-08-30,"[O2_slot_mismatch] V day, P slot -- no outrageous scam"
2026-09-01T00:08:08Z,pregame,fade_public,824149,2026-08-31,[FP_ml] status=Live
2026-09-01T00:08:08Z,pregame,fade_public,824314,2026-08-31,[FP_ml] no-splits: none captured for game
2026-09-01T00:08:08Z,pregame,fav_ml,824149,2026-08-31,[B_FAV] status=Live
2026-09-01T00:08:08Z,pregame,pv_orig,824149,2026-08-31,[O0] status=Live
2026-09-01T00:08:08Z,pregame,pv_orig,824314,2026-08-31,[O4] no natural/scam signal for this slot
2026-09-01T00:08:08Z,pregame,pv_orig,823982,2026-08-31,[O4] no natural/scam signal for this slot
2026-09-01T00:08:08Z,pregame,pv_orig,825040,2026-08-31,[O4] no natural/scam signal for this slot
2026-09-01T00:08:08Z,pregame,pv_v3,824149,2026-08-31,[R0] status=Live
2026-09-01T00:08:08Z,pregame,sharp_split,824149,2026-08-31,[SS_ml] status=Live
2026-09-01T00:08:08Z,pregame,sharp_split,824314,2026-08-31,[SS_ml] no-splits: none captured for game
2026-09-01T00:08:08Z,pregame,sharp_split,823982,2026-08-31,[SS_ml] no-divergence: best gap +0 (need >=10 and handle >=50)
2026-09-01T00:08:08Z,pregame,sharp_split,825040,2026-08-31,[SS_ml] no-divergence: best gap +20 (need >=10 and handle >=50)
2026-09-01T22:51:45Z,pregame,fade_public,824633,2026-09-01,[FP_ml] no-divergence: max tickets 56% < 65%
2026-09-01T22:51:45Z,pregame,fade_public,824148,2026-09-01,[FP_ml] no-splits: none captured for game
2026-09-01T22:51:45Z,pregame,fade_public,825038,2026-09-01,[FP_ml] no-splits: none captured for game
2026-09-01T22:51:45Z,pregame,fade_public,823908,2026-09-01,[FP_ml] no-splits: none captured for game
2026-09-01T22:51:45Z,pregame,pv_orig,823661,2026-09-01,"[O2_slot_mismatch] V day, P slot -- no outrageous scam"
2026-09-01T22:51:45Z,pregame,pv_orig,824070,2026-09-01,"[O2_slot_mismatch] V day, P slot -- no outrageous scam"
2026-09-01T22:51:45Z,pregame,pv_orig,824633,2026-09-01,"[O2_slot_mismatch] V day, P slot -- no outrageous scam"
2026-09-01T22:51:45Z,pregame,pv_orig,822854,2026-09-01,[O4] no natural/scam signal for this slot
2026-09-01T22:51:45Z,pregame,pv_orig,824148,2026-09-01,[O4] no natural/scam signal for this slot
2026-09-01T22:51:45Z,pregame,pv_orig,824313,2026-09-01,[O4] no natural/scam signal for this slot
2026-09-01T22:51:45Z,pregame,pv_orig,823984,2026-09-01,[O4] no natural/scam signal for this slot
2026-09-01T22:51:45Z,pregame,pv_orig,825038,2026-09-01,[O4] no natural/scam signal for this slot
2026-09-01T22:51:45Z,pregame,pv_orig,823908,2026-09-01,"[O2_slot_mismatch] V day, P slot -- no outrageous scam"
2026-09-01T22:51:46Z,pregame,sharp_split,823661,2026-09-01,[SS_ml] no-divergence: best gap +8 (need >=10 and handle >=50)
2026-09-01T22:51:46Z,pregame,sharp_split,824070,2026-09-01,[SS_ml] no-divergence: best gap +12 (need >=10 and handle >=50)
2026-09-01T22:51:46Z,pregame,sharp_split,824148,2026-09-01,[SS_ml] no-splits: none captured for game
2026-09-01T22:51:46Z,pregame,sharp_split,823984,2026-09-01,[SS_ml] no-divergence: best gap +2 (need >=10 and handle >=50)
2026-09-01T22:51:46Z,pregame,sharp_split,825038,2026-09-01,[SS_ml] no-splits: none captured for game
2026-09-01T22:51:46Z,pregame,sharp_split,823908,2026-09-01,[SS_ml] no-splits: none captured for game
2026-09-02T18:00:18Z,morning,pv_orig,822851,2026-09-02,[O4] no natural/scam signal for this slot
2026-09-02T18:00:18Z,morning,pv_orig,824312,2026-09-02,[O6] public slot price -175 more expensive than -160
2026-09-02T18:00:18Z,morning,pv_orig,825037,2026-09-02,[O4] no natural/scam signal for this slot
2026-09-02T18:00:18Z,morning,sharp_split,822851,2026-09-02,[SS_ml] no-divergence: best gap +3 (need >=10 and handle >=50)
2026-09-02T18:00:18Z,morning,sharp_split,825037,2026-09-02,[SS_ml] no-divergence: best gap +16 (need >=10 and handle >=50)
2026-09-02T22:53:09Z,pregame,fade_public,823660,2026-09-02,[FP_ml] no-divergence: max tickets 50% < 65%
2026-09-02T22:53:09Z,pregame,fade_public,823983,2026-09-02,[FP_ml] no-splits: none captured for game
2026-09-02T22:53:09Z,pregame,pv_orig,824068,2026-09-02,[O4] no natural/scam signal for this slot
2026-09-02T22:53:09Z,pregame,pv_orig,824634,2026-09-02,[O4] no natural/scam signal for this slot
2026-09-02T22:53:09Z,pregame,pv_orig,824147,2026-09-02,[O1_wed_second_half] Wednesday Vegas half requires a big scam
2026-09-02T22:53:09Z,pregame,pv_orig,823983,2026-09-02,[O1_wed_second_half] Wednesday Vegas half requires a big scam
2026-09-02T22:53:09Z,pregame,pv_orig,823906,2026-09-02,[O7] heavy favorite -268
2026-09-02T22:53:09Z,pregame,pv_v3,824634,2026-09-02,[R8_veto] Chicago Cubs lost last game by 5 with ERA 6.09 vs 1.73
2026-09-02T22:53:09Z,pregame,sharp_split,824634,2026-09-02,[SS_ml] no-divergence: best gap +0 (need >=10 and handle >=50)
2026-09-02T22:53:09Z,pregame,sharp_split,823983,2026-09-02,[SS_ml] no-splits: none captured for game
2026-09-02T22:53:09Z,pregame,sharp_split,823906,2026-09-02,[SS_ml] no-divergence: best gap +5 (need >=10 and handle >=50)
2026-09-03T17:58:57Z,morning,fade_public,824144,2026-09-03,[FP_ml] status=Live
2026-09-03T17:58:57Z,morning,fav_ml,824144,2026-09-03,[B_FAV] status=Live
2026-09-03T17:58:57Z,morning,pv_orig,824144,2026-09-03,[O0] status=Live
2026-09-03T17:58:57Z,morning,pv_v3,824144,2026-09-03,[R0] status=Live
2026-09-03T17:58:57Z,morning,sharp_split,824144,2026-09-03,[SS_ml] status=Live
2026-09-03T22:51:48Z,pregame,fade_public,824796,2026-09-03,[FP_ml] status=Live
2026-09-03T22:51:48Z,pregame,fade_public,824632,2026-09-03,[FP_ml] no-divergence: max tickets 64% < 65%
2026-09-03T22:51:48Z,pregame,fade_public,823907,2026-09-03,[FP_ml] no-splits: none captured for game
2026-09-03T22:51:48Z,pregame,fav_ml,824796,2026-09-03,[B_FAV] status=Live
2026-09-03T22:51:48Z,pregame,pv_orig,824796,2026-09-03,[O0] status=Live
2026-09-03T22:51:48Z,pregame,pv_orig,824632,2026-09-03,"[O1_off_day] thursday is an off day, no big scam"
2026-09-03T22:51:48Z,pregame,pv_orig,822853,2026-09-03,"[O1_off_day] thursday is an off day, no big scam"
2026-09-03T22:51:48Z,pregame,pv_orig,823095,2026-09-03,"[O1_off_day] thursday is an off day, no big scam"
2026-09-03T22:51:48Z,pregame,pv_orig,823907,2026-09-03,"[O1_off_day] thursday is an off day, no big scam"
2026-09-03T22:51:48Z,pregame,pv_v3,824796,2026-09-03,[R0] status=Live
2026-09-03T22:51:48Z,pregame,sharp_split,824796,2026-09-03,[SS_ml] status=Live
2026-09-03T22:51:48Z,pregame,sharp_split,824069,2026-09-03,[SS_ml] no-divergence: best gap +7 (need >=10 and handle >=50)
2026-09-03T22:51:48Z,pregame,sharp_split,823095,2026-09-03,[SS_ml] no-divergence: best gap +0 (need >=10 and handle >=50)
2026-09-03T22:51:48Z,pregame,sharp_split,823907,2026-09-03,[SS_ml] no-splits: none captured for game
2026-09-04T17:43:47Z,morning,fade_public,824424,2026-09-04,[FP_ml] no-splits: none captured for game
2026-09-04T17:43:47Z,morning,pv_orig,824424,2026-09-04,[O4] no natural/scam signal for this slot
2026-09-04T17:43:47Z,morning,sharp_split,824424,2026-09-04,[SS_ml] no-splits: none captured for game
2026-09-04T22:35:10Z,pregame,fade_public,823418,2026-09-04,[FP_ml] status=Live
2026-09-04T22:35:10Z,pregame,fade_public,823338,2026-09-04,[FP_ml] no-divergence: max tickets 56% < 65%
2026-09-04T22:35:10Z,pregame,fade_public,824554,2026-09-04,[FP_ml] no-divergence: max tickets 64% < 65%
2026-09-04T22:35:10Z,pregame,fade_public,824146,2026-09-04,[FP_ml] no-divergence: max tickets 60% < 65%
2026-09-04T22:35:10Z,pregame,fade_public,823093,2026-09-04,[FP_ml] no-splits: none captured for game
2026-09-04T22:35:10Z,pregame,fav_ml,823418,2026-09-04,[B_FAV] status=Live
2026-09-04T22:35:10Z,pregame,pv_orig,823418,2026-09-04,[O0] status=Live
2026-09-04T22:35:10Z,pregame,pv_orig,823338,2026-09-04,[O4] no natural/scam signal for this slot
2026-09-04T22:35:10Z,pregame,pv_orig,824797,2026-09-04,[O4] no natural/scam signal for this slot
2026-09-04T22:35:10Z,pregame,pv_orig,823579,2026-09-04,[O4] no natural/scam signal for this slot
2026-09-04T22:35:10Z,pregame,pv_orig,823824,2026-09-04,[O4] no natural/scam signal for this slot
2026-09-04T22:35:10Z,pregame,pv_orig,824554,2026-09-04,[O6] public slot price -180 more expensive than -160
2026-09-04T22:35:10Z,pregame,pv_orig,822852,2026-09-04,[O4] no natural/scam signal for this slot
2026-09-04T22:35:10Z,pregame,pv_orig,824146,2026-09-04,[O4] no natural/scam signal for this slot
2026-09-04T22:35:10Z,pregame,pv_orig,824311,2026-09-04,[O4] no natural/scam signal for this slot
2026-09-04T22:35:10Z,pregame,pv_orig,823256,2026-09-04,[O4] no natural/scam signal for this slot
2026-09-04T22:35:10Z,pregame,pv_orig,823905,2026-09-04,[O4] no natural/scam signal for this slot
2026-09-04T22:35:10Z,pregame,pv_orig,823093,2026-09-04,[O4] no natural/scam signal for this slot
2026-09-04T22:35:10Z,pregame,pv_v3,823418,2026-09-04,[R0] status=Live
2026-09-04T22:35:10Z,pregame,sharp_split,824387,2026-09-04,[SS_ml] no-divergence: best gap +6 (need >=10 and handle >=50)
2026-09-04T22:35:10Z,pregame,sharp_split,823418,2026-09-04,[SS_ml] status=Live
2026-09-04T22:35:10Z,pregame,sharp_split,824797,2026-09-04,[SS_ml] no-divergence: best gap +12 (need >=10 and handle >=50)
2026-09-04T22:35:10Z,pregame,sharp_split,823579,2026-09-04,[SS_ml] no-divergence: best gap +4 (need >=10 and handle >=50)
2026-09-04T22:35:10Z,pregame,sharp_split,823824,2026-09-04,[SS_ml] no-divergence: best gap +4 (need >=10 and handle >=50)
2026-09-04T22:35:10Z,pregame,sharp_split,824311,2026-09-04,[SS_ml] no-divergence: best gap +10 (need >=10 and handle >=50)
2026-09-04T22:35:10Z,pregame,sharp_split,823905,2026-09-04,[SS_ml] no-divergence: best gap +13 (need >=10 and handle >=50)
2026-09-04T22:35:10Z,pregame,sharp_split,823093,2026-09-04,[SS_ml] no-splits: none captured for game
2026-09-05T22:22:47Z,pregame,fade_public,823335,2026-09-05,[FP_ml] status=Live
2026-09-05T22:22:47Z,pregame,fade_public,824468,2026-09-05,[FP_ml] status=Live
2026-09-05T22:22:47Z,pregame,fade_public,822850,2026-09-05,[FP_ml] no-divergence: max tickets 60% < 65%
2026-09-05T22:22:47Z,pregame,fade_public,824066,2026-09-05,[FP_ml] no-divergence: max tickets 58% < 65%
2026-09-05T22:22:47Z,pregame,fade_public,824553,2026-09-05,[FP_ml] no-divergence: max tickets 55% < 65%
2026-09-05T22:22:47Z,pregame,fav_ml,823335,2026-09-05,[B_FAV] status=Live
2026-09-05T22:22:47Z,pregame,fav_ml,824468,2026-09-05,[B_FAV] status=Live
2026-09-05T22:22:47Z,pregame,pv_orig,823335,2026-09-05,[O0] status=Live
2026-09-05T22:22:47Z,pregame,pv_orig,824468,2026-09-05,[O0] status=Live
2026-09-05T22:22:47Z,pregame,pv_orig,824795,2026-09-05,"[O1_off_day] saturday is an off day, no big scam"
2026-09-05T22:22:47Z,pregame,pv_orig,822850,2026-09-05,"[O1_off_day] saturday is an off day, no big scam"
2026-09-05T22:22:47Z,pregame,pv_orig,824066,2026-09-05,"[O1_off_day] saturday is an off day, no big scam"
2026-09-05T22:22:47Z,pregame,pv_orig,824553,2026-09-05,"[O1_off_day] saturday is an off day, no big scam"
2026-09-05T22:22:47Z,pregame,pv_orig,824145,2026-09-05,"[O1_off_day] saturday is an off day, no big scam"
2026-09-05T22:22:47Z,pregame,pv_orig,823257,2026-09-05,"[O1_off_day] saturday is an off day, no big scam"
2026-09-05T22:22:47Z,pregame,pv_orig,824310,2026-09-05,"[O1_off_day] saturday is an off day, no big scam"
2026-09-05T22:22:47Z,pregame,pv_orig,823094,2026-09-05,"[O1_off_day] saturday is an off day, no big scam"
2026-09-05T22:22:47Z,pregame,pv_v3,823335,2026-09-05,[R0] status=Live
2026-09-05T22:22:47Z,pregame,pv_v3,824468,2026-09-05,[R0] status=Live
2026-09-05T22:22:47Z,pregame,sharp_split,823335,2026-09-05,[SS_ml] status=Live
2026-09-05T22:22:47Z,pregame,sharp_split,824468,2026-09-05,[SS_ml] status=Live
2026-09-05T22:22:47Z,pregame,sharp_split,824795,2026-09-05,[SS_ml] no-divergence: best gap +20 (need >=10 and handle >=50)
2026-09-05T22:22:47Z,pregame,sharp_split,822850,2026-09-05,[SS_ml] no-divergence: best gap +6 (need >=10 and handle >=50)
2026-09-05T22:22:47Z,pregame,sharp_split,824553,2026-09-05,[SS_ml] no-divergence: best gap +9 (need >=10 and handle >=50)
2026-09-05T22:22:47Z,pregame,sharp_split,823257,2026-09-05,[SS_ml] no-divergence: best gap +11 (need >=10 and handle >=50)
2026-09-05T22:22:47Z,pregame,sharp_split,824310,2026-09-05,[SS_ml] no-divergence: best gap +0 (need >=10 and handle >=50)
2026-09-05T22:22:47Z,pregame,sharp_split,823904,2026-09-05,[SS_ml] no-divergence: best gap +0 (need >=10 and handle >=50)
2026-09-05T22:22:47Z,pregame,sharp_split,823094,2026-09-05,[SS_ml] no-divergence: best gap +8 (need >=10 and handle >=50)
2026-09-06T17:16:43Z,morning,fade_public,824794,2026-09-06,[FP_ml] status=Live
2026-09-06T17:16:43Z,morning,fade_public,823336,2026-09-06,[FP_ml] status=Live
2026-09-06T17:16:43Z,morning,fade_public,824385,2026-09-06,[FP_ml] status=Live
2026-09-06T17:16:43Z,morning,fade_public,823578,2026-09-06,[FP_ml] no-divergence: max tickets 62% < 65%
2026-09-06T17:16:43Z,morning,fade_public,824142,2026-09-06,[FP_ml] no-divergence: max tickets 62% < 65%
2026-09-06T17:16:43Z,morning,fade_public,824065,2026-09-06,[FP_ml] no-divergence: max tickets 52% < 65%
2026-09-06T17:16:44Z,morning,fav_ml,824794,2026-09-06,[B_FAV] status=Live
2026-09-06T17:16:44Z,morning,fav_ml,823336,2026-09-06,[B_FAV] status=Live
2026-09-06T17:16:44Z,morning,fav_ml,824385,2026-09-06,[B_FAV] status=Live
2026-09-06T17:16:44Z,morning,pv_orig,824794,2026-09-06,[O0] status=Live
2026-09-06T17:16:44Z,morning,pv_orig,823336,2026-09-06,[O0] status=Live
2026-09-06T17:16:44Z,morning,pv_orig,824385,2026-09-06,[O0] status=Live
2026-09-06T17:16:44Z,morning,pv_orig,823578,2026-09-06,"[O2_slot_mismatch] V day, P slot -- no outrageous scam"
2026-09-06T17:16:44Z,morning,pv_orig,823822,2026-09-06,"[O2_slot_mismatch] V day, P slot -- no outrageous scam"
2026-09-06T17:16:44Z,morning,pv_orig,824142,2026-09-06,"[O2_slot_mismatch] V day, P slot -- no outrageous scam"
2026-09-06T17:16:44Z,morning,pv_orig,824065,2026-09-06,"[O2_slot_mismatch] V day, P slot -- no outrageous scam"
2026-09-06T17:16:44Z,morning,pv_orig,822848,2026-09-06,[O4] no natural/scam signal for this slot
2026-09-06T17:16:44Z,morning,pv_orig,824309,2026-09-06,[O4] no natural/scam signal for this slot
2026-09-06T17:16:44Z,morning,pv_v3,824794,2026-09-06,[R0] status=Live
2026-09-06T17:16:44Z,morning,pv_v3,823336,2026-09-06,[R0] status=Live
2026-09-06T17:16:44Z,morning,pv_v3,824385,2026-09-06,[R0] status=Live
2026-09-06T17:16:44Z,morning,sharp_split,824794,2026-09-06,[SS_ml] status=Live
2026-09-06T17:16:44Z,morning,sharp_split,823336,2026-09-06,[SS_ml] status=Live
2026-09-06T17:16:44Z,morning,sharp_split,824385,2026-09-06,[SS_ml] status=Live
2026-09-06T17:16:44Z,morning,sharp_split,824142,2026-09-06,[SS_ml] no-divergence: best gap +6 (need >=10 and handle >=50)
2026-09-06T17:16:44Z,morning,sharp_split,824309,2026-09-06,[SS_ml] no-divergence: best gap +4 (need >=10 and handle >=50)
2026-09-06T22:27:49Z,pregame,fade_public,823903,2026-09-06,[FP_ml] no-splits: none captured for game
2026-09-06T22:27:49Z,pregame,pv_orig,823903,2026-09-06,"[O2_slot_mismatch] V day, P slot -- no outrageous scam"
2026-09-06T22:27:49Z,pregame,sharp_split,823903,2026-09-06,[SS_ml] no-splits: none captured for game
2026-09-07T18:49:53Z,morning,fade_public,824229,2026-09-07,[FP_ml] status=Live
2026-09-07T18:49:53Z,morning,fav_ml,824229,2026-09-07,[B_FAV] status=Live
2026-09-07T18:49:53Z,morning,pv_orig,824229,2026-09-07,[O0] status=Live
2026-09-07T18:49:53Z,morning,pv_v3,824229,2026-09-07,[R0] status=Live
2026-09-07T18:49:53Z,morning,sharp_split,824229,2026-09-07,[SS_ml] status=Live
2026-09-07T23:03:00Z,pregame,fade_public,823175,2026-09-07,[FP_ml] no-divergence: max tickets 51% < 65%
2026-09-07T23:03:01Z,pregame,pv_orig,823175,2026-09-07,[O4] no natural/scam signal for this slot
2026-09-07T23:03:01Z,pregame,pv_orig,823902,2026-09-07,[O4] no natural/scam signal for this slot
2026-09-07T23:03:01Z,pregame,pv_orig,824958,2026-09-07,[O4] no natural/scam signal for this slot
2026-09-07T23:03:01Z,pregame,sharp_split,823902,2026-09-07,[SS_ml] no-divergence: best gap +25 (need >=10 and handle >=50)
2026-09-07T23:03:01Z,pregame,sharp_split,824958,2026-09-07,[SS_ml] no-divergence: best gap +7 (need >=10 and handle >=50)
2026-09-08T23:01:23Z,pregame,fade_public,823500,2026-09-08,[FP_ml] status=Live
2026-09-08T23:01:23Z,pregame,fade_public,824875,2026-09-08,[FP_ml] status=Live
2026-09-08T23:01:23Z,pregame,fade_public,824063,2026-09-08,[FP_ml] no-divergence: max tickets 60% < 65%
2026-09-08T23:01:23Z,pregame,fade_public,823092,2026-09-08,[FP_ml] no-splits: none captured for game
2026-09-08T23:01:23Z,pregame,fade_public,824957,2026-09-08,[FP_ml] no-splits: none captured for game
2026-09-08T23:01:23Z,pregame,fade_public,823174,2026-09-08,[FP_ml] no-splits: none captured for game
2026-09-08T23:01:23Z,pregame,fav_ml,823500,2026-09-08,[B_FAV] status=Live
2026-09-08T23:01:23Z,pregame,fav_ml,824875,2026-09-08,[B_FAV] status=Live
2026-09-08T23:01:23Z,pregame,pv_orig,823500,2026-09-08,[O0] status=Live
2026-09-08T23:01:23Z,pregame,pv_orig,824875,2026-09-08,[O0] status=Live
2026-09-08T23:01:23Z,pregame,pv_orig,824063,2026-09-08,"[O2_slot_mismatch] V day, P slot -- no outrageous scam"
2026-09-08T23:01:23Z,pregame,pv_orig,824551,2026-09-08,"[O2_slot_mismatch] V day, P slot -- no outrageous scam"
2026-09-08T23:01:23Z,pregame,pv_orig,823738,2026-09-08,"[O2_slot_mismatch] V day, P slot -- no outrageous scam"
2026-09-08T23:01:23Z,pregame,pv_orig,823250,2026-09-08,"[O2_slot_mismatch] V day, P slot -- no outrageous scam"
2026-09-08T23:01:23Z,pregame,pv_orig,823092,2026-09-08,"[O2_slot_mismatch] V day, P slot -- no outrageous scam"
2026-09-08T23:01:23Z,pregame,pv_orig,824957,2026-09-08,"[O2_slot_mismatch] V day, P slot -- no outrageous scam"
2026-09-08T23:01:23Z,pregame,pv_orig,823174,2026-09-08,[O4] no natural/scam signal for this slot
2026-09-08T23:01:23Z,pregame,pv_orig,823901,2026-09-08,"[O2_slot_mismatch] V day, P slot -- no outrageous scam"
2026-09-08T23:01:23Z,pregame,pv_v3,823500,2026-09-08,[R0] status=Live
2026-09-08T23:01:23Z,pregame,pv_v3,824875,2026-09-08,[R0] status=Live
2026-09-08T23:01:23Z,pregame,sharp_split,823500,2026-09-08,[SS_ml] status=Live
2026-09-08T23:01:23Z,pregame,sharp_split,824875,2026-09-08,[SS_ml] status=Live
2026-09-08T23:01:23Z,pregame,sharp_split,824551,2026-09-08,[SS_ml] no-divergence: best gap +4 (need >=10 and handle >=50)
2026-09-08T23:01:23Z,pregame,sharp_split,823738,2026-09-08,[SS_ml] no-divergence: best gap +4 (need >=10 and handle >=50)
2026-09-08T23:01:23Z,pregame,sharp_split,823092,2026-09-08,[SS_ml] no-splits: none captured for game
2026-09-08T23:01:23Z,pregame,sharp_split,824957,2026-09-08,[SS_ml] no-splits: none captured for game
2026-09-08T23:01:23Z,pregame,sharp_split,823174,2026-09-08,[SS_ml] no-splits: none captured for game
2026-09-08T23:01:23Z,pregame,sharp_split,823901,2026-09-08,[SS_ml] too-heavy: -310
2026-09-09T17:56:35Z,morning,pv_orig,824956,2026-09-09,[O4] no natural/scam signal for this slot
2026-09-09T22:48:25Z,pregame,fade_public,824871,2026-09-09,[FP_ml] no-divergence: max tickets 62% < 65%
2026-09-09T22:48:25Z,pregame,fade_public,824064,2026-09-09,[FP_ml] no-divergence: max tickets 63% < 65%
2026-09-09T22:48:25Z,pregame,fade_public,824549,2026-09-09,[FP_ml] no-divergence: max tickets 62% < 65%
2026-09-09T22:48:25Z,pregame,fade_public,823739,2026-09-09,[FP_ml] no-divergence: max tickets 59% < 65%
2026-09-09T22:48:25Z,pregame,fade_public,823900,2026-09-09,[FP_ml] no-splits: none captured for game
2026-09-09T22:48:25Z,pregame,pv_orig,824871,2026-09-09,[O1_wed_second_half] Wednesday Vegas half requires a big scam
2026-09-09T22:48:25Z,pregame,pv_orig,824549,2026-09-09,[O6] public slot price -175 more expensive than -160
2026-09-09T22:48:25Z,pregame,pv_orig,823739,2026-09-09,[O4] no natural/scam signal for this slot
2026-09-09T22:48:25Z,pregame,pv_orig,823900,2026-09-09,[O1_wed_second_half] Wednesday Vegas half requires a big scam
2026-09-09T22:48:26Z,pregame,sharp_split,823497,2026-09-09,[SS_ml] no-divergence: best gap +4 (need >=10 and handle >=50)
2026-09-09T22:48:26Z,pregame,sharp_split,824064,2026-09-09,[SS_ml] no-divergence: best gap +4 (need >=10 and handle >=50)
2026-09-09T22:48:26Z,pregame,sharp_split,823900,2026-09-09,[SS_ml] no-splits: none captured for game
2026-09-10T22:49:21Z,pregame,fade_public,823499,2026-09-10,[FP_ml] status=Live
2026-09-10T22:49:21Z,pregame,fade_public,824550,2026-09-10,[FP_ml] no-divergence: max tickets 62% < 65%
2026-09-10T22:49:22Z,pregame,fav_ml,823499,2026-09-10,[B_FAV] status=Live
2026-09-10T22:49:22Z,pregame,pv_orig,823499,2026-09-10,[O0] status=Live
2026-09-10T22:49:22Z,pregame,pv_orig,824550,2026-09-10,"[O1_off_day] thursday is an off day, no big scam"
2026-09-10T22:49:22Z,pregame,pv_v3,823499,2026-09-10,[R0] status=Live
2026-09-10T22:49:22Z,pregame,sharp_split,823499,2026-09-10,[SS_ml] status=Live
2026-09-10T22:49:22Z,pregame,sharp_split,824550,2026-09-10,[SS_ml] no-divergence: best gap +10 (need >=10 and handle >=50)
2026-09-11T17:50:54Z,morning,pv_orig,824631,2026-09-11,[O4] no natural/scam signal for this slot
2026-09-11T17:50:55Z,morning,sharp_split,824631,2026-09-11,[SS_ml] no-divergence: best gap +9 (need >=10 and handle >=50)
2026-09-11T22:49:59Z,pregame,fade_public,823498,2026-09-11,[FP_ml] status=Live
2026-09-11T22:49:59Z,pregame,fade_public,822767,2026-09-11,[FP_ml] status=Live
2026-09-11T22:49:59Z,pregame,fade_public,824711,2026-09-11,[FP_ml] status=Live
2026-09-11T22:49:59Z,pregame,fade_public,823817,2026-09-11,[FP_ml] status=Live
2026-09-11T22:49:59Z,pregame,fade_public,823659,2026-09-11,[FP_ml] no-splits: none captured for game
2026-09-11T22:49:59Z,pregame,fade_public,823012,2026-09-11,[FP_ml] no-divergence: max tickets 60% < 65%
2026-09-11T22:49:59Z,pregame,fade_public,825036,2026-09-11,[FP_ml] no-divergence: max tickets 57% < 65%
2026-09-11T22:49:59Z,pregame,fav_ml,823498,2026-09-11,[B_FAV] status=Live
2026-09-11T22:49:59Z,pregame,fav_ml,822767,2026-09-11,[B_FAV] status=Live
2026-09-11T22:49:59Z,pregame,fav_ml,824711,2026-09-11,[B_FAV] status=Live
2026-09-11T22:49:59Z,pregame,fav_ml,823817,2026-09-11,[B_FAV] status=Live
2026-09-11T22:49:59Z,pregame,pv_orig,823498,2026-09-11,[O0] status=Live
2026-09-11T22:49:59Z,pregame,pv_orig,822767,2026-09-11,[O0] status=Live
2026-09-11T22:49:59Z,pregame,pv_orig,824711,2026-09-11,[O0] status=Live
2026-09-11T22:49:59Z,pregame,pv_orig,822930,2026-09-11,[O4] no natural/scam signal for this slot
2026-09-11T22:49:59Z,pregame,pv_orig,823817,2026-09-11,[O0] status=Live
2026-09-11T22:49:59Z,pregame,pv_orig,824873,2026-09-11,[O6] public slot price -184 more expensive than -160
2026-09-11T22:49:59Z,pregame,pv_orig,823736,2026-09-11,[O7] heavy favorite -200
2026-09-11T22:49:59Z,pregame,pv_orig,823659,2026-09-11,[O4] no natural/scam signal for this slot
2026-09-11T22:49:59Z,pregame,pv_orig,823012,2026-09-11,[O4] no natural/scam signal for this slot
2026-09-11T22:49:59Z,pregame,pv_orig,825036,2026-09-11,[O4] no natural/scam signal for this slot
2026-09-11T22:50:00Z,pregame,pv_v3,823498,2026-09-11,[R0] status=Live
2026-09-11T22:50:00Z,pregame,pv_v3,822767,2026-09-11,[R0] status=Live
2026-09-11T22:50:00Z,pregame,pv_v3,824711,2026-09-11,[R0] status=Live
2026-09-11T22:50:00Z,pregame,pv_v3,823817,2026-09-11,[R0] status=Live
2026-09-11T22:50:00Z,pregame,sharp_split,823498,2026-09-11,[SS_ml] status=Live
2026-09-11T22:50:00Z,pregame,sharp_split,822767,2026-09-11,[SS_ml] status=Live
2026-09-11T22:50:00Z,pregame,sharp_split,824711,2026-09-11,[SS_ml] status=Live
2026-09-11T22:50:00Z,pregame,sharp_split,822930,2026-09-11,[SS_ml] no-divergence: best gap +4 (need >=10 and handle >=50)
2026-09-11T22:50:00Z,pregame,sharp_split,823817,2026-09-11,[SS_ml] status=Live
2026-09-11T22:50:00Z,pregame,sharp_split,824873,2026-09-11,[SS_ml] no-divergence: best gap +9 (need >=10 and handle >=50)
2026-09-11T22:50:00Z,pregame,sharp_split,823736,2026-09-11,[SS_ml] no-divergence: best gap +5 (need >=10 and handle >=50)
2026-09-11T22:50:00Z,pregame,sharp_split,823659,2026-09-11,[SS_ml] no-splits: none captured for game
2026-09-12T14:39:55Z,morning,fade_public,824224,2026-09-12,[FP_ml] no-divergence: max tickets 59% < 65%
2026-09-12T14:39:55Z,morning,fade_public,823496,2026-09-12,[FP_ml] no-divergence: max tickets 60% < 65%
2026-09-12T14:39:55Z,morning,pv_orig,824224,2026-09-12,"[O1_off_day] saturday is an off day, no big scam"
2026-09-12T14:39:55Z,morning,pv_orig,823496,2026-09-12,"[O1_off_day] saturday is an off day, no big scam"
2026-09-12T14:39:55Z,morning,pv_orig,822768,2026-09-12,"[O1_off_day] saturday is an off day, no big scam"
2026-09-12T14:39:55Z,morning,sharp_split,824630,2026-09-12,[SS_ml] no-divergence: best gap +14 (need >=10 and handle >=50)
2026-09-12T14:39:55Z,morning,sharp_split,822768,2026-09-12,[SS_ml] no-divergence: best gap +6 (need >=10 and handle >=50)
2026-09-12T20:55:12Z,pregame,fade_public,822927,2026-09-12,[FP_ml] no-divergence: max tickets 56% < 65%
2026-09-12T20:55:12Z,pregame,fade_public,824870,2026-09-12,[FP_ml] no-divergence: max tickets 56% < 65%
2026-09-12T20:55:12Z,pregame,fade_public,825035,2026-09-12,[FP_ml] no-splits: none captured for game
2026-09-12T20:55:12Z,pregame,fade_public,824955,2026-09-12,[FP_ml] no-divergence: max tickets 60% < 65%
2026-09-12T20:55:12Z,pregame,pv_orig,822927,2026-09-12,"[O1_off_day] saturday is an off day, no big scam"
2026-09-12T20:55:12Z,pregame,pv_orig,823737,2026-09-12,"[O1_off_day] saturday is an off day, no big scam"
2026-09-12T20:55:12Z,pregame,pv_orig,824870,2026-09-12,"[O1_off_day] saturday is an off day, no big scam"
2026-09-12T20:55:12Z,pregame,pv_orig,823009,2026-09-12,"[O1_off_day] saturday is an off day, no big scam"
2026-09-12T20:55:12Z,pregame,pv_orig,825035,2026-09-12,"[O1_off_day] saturday is an off day, no big scam"
2026-09-12T20:55:12Z,pregame,pv_orig,824955,2026-09-12,"[O1_off_day] saturday is an off day, no big scam"
2026-09-12T20:55:12Z,pregame,sharp_split,823737,2026-09-12,[SS_ml] no-divergence: best gap +23 (need >=10 and handle >=50)
2026-09-12T20:55:12Z,pregame,sharp_split,823009,2026-09-12,[SS_ml] no-divergence: best gap +4 (need >=10 and handle >=50)
2026-09-12T20:55:12Z,pregame,sharp_split,825035,2026-09-12,[SS_ml] no-splits: none captured for game
2026-09-13T14:39:39Z,morning,fade_public,822682,2026-09-13,[FP_ml] no-divergence: max tickets 60% < 65%
2026-09-13T14:39:39Z,morning,fade_public,824869,2026-09-13,[FP_ml] no-divergence: max tickets 63% < 65%
2026-09-13T14:39:39Z,morning,fade_public,822928,2026-09-13,[FP_ml] no-divergence: max tickets 54% < 65%
2026-09-13T14:39:39Z,morning,fade_public,823815,2026-09-13,[FP_ml] no-divergence: max tickets 57% < 65%
2026-09-13T14:39:39Z,morning,fade_public,823734,2026-09-13,[FP_ml] no-divergence: max tickets 56% < 65%
2026-09-13T14:39:39Z,morning,pv_orig,824225,2026-09-13,"[O2_slot_mismatch] V day, P slot -- no outrageous scam"
2026-09-13T14:39:39Z,morning,pv_orig,822682,2026-09-13,"[O2_slot_mismatch] V day, P slot -- no outrageous scam"
2026-09-13T14:39:39Z,morning,pv_orig,824869,2026-09-13,"[O2_slot_mismatch] V day, P slot -- no outrageous scam"
2026-09-13T14:39:39Z,morning,pv_orig,823495,2026-09-13,"[O2_slot_mismatch] V day, P slot -- no outrageous scam"
2026-09-13T14:39:39Z,morning,pv_orig,822764,2026-09-13,[O4] no natural/scam signal for this slot
2026-09-13T14:39:39Z,morning,pv_orig,822928,2026-09-13,"[O2_slot_mismatch] V day, P slot -- no outrageous scam"
2026-09-13T14:39:39Z,morning,pv_orig,823815,2026-09-13,"[O2_slot_mismatch] V day, P slot -- no outrageous scam"
2026-09-13T14:39:39Z,morning,pv_orig,823658,2026-09-13,"[O2_slot_mismatch] V day, P slot -- no outrageous scam"
2026-09-13T14:39:39Z,morning,pv_orig,823734,2026-09-13,"[O2_slot_mismatch] V day, P slot -- no outrageous scam"
2026-09-13T14:39:39Z,morning,pv_orig,823008,2026-09-13,[O4] no natural/scam signal for this slot
2026-09-13T14:39:39Z,morning,pv_orig,824628,2026-09-13,[O4] no natural/scam signal for this slot
2026-09-13T14:39:39Z,morning,pv_v3,823008,2026-09-13,"[R3] no movement signal, no dossier edge"
2026-09-13T14:39:39Z,morning,sharp_split,824869,2026-09-13,[SS_ml] no-divergence: best gap +7 (need >=10 and handle >=50)
2026-09-13T14:39:39Z,morning,sharp_split,823495,2026-09-13,[SS_ml] no-divergence: best gap +7 (need >=10 and handle >=50)
2026-09-13T14:39:39Z,morning,sharp_split,823658,2026-09-13,[SS_ml] no-divergence: best gap +12 (need >=10 and handle >=50)
2026-09-13T14:39:39Z,morning,sharp_split,824628,2026-09-13,[SS_ml] no-divergence: best gap +4 (need >=10 and handle >=50)
2026-09-13T14:39:39Z,morning,sharp_split,824708,2026-09-13,[SS_ml] no-divergence: best gap +1 (need >=10 and handle >=50)
2026-09-13T20:54:55Z,pregame,fade_public,823171,2026-09-13,[FP_ml] no-divergence: max tickets 58% < 65%
2026-09-13T20:54:55Z,pregame,pv_orig,823171,2026-09-13,"[O2_slot_mismatch] V day, P slot -- no outrageous scam"
2026-09-14T20:55:03Z,pregame,fade_public,823575,2026-09-14,[FP_ml] no-divergence: max tickets 52% < 65%
2026-09-14T20:55:03Z,pregame,fade_public,824629,2026-09-14,[FP_ml] no-divergence: max tickets 64% < 65%
2026-09-14T20:55:03Z,pregame,fade_public,823006,2026-09-14,[FP_ml] no-divergence: max tickets 62% < 65%
2026-09-14T20:55:03Z,pregame,fade_public,824308,2026-09-14,[FP_ml] no-splits: none captured for game
2026-09-14T20:55:03Z,pregame,pv_orig,824386,2026-09-14,[O4] no natural/scam signal for this slot
2026-09-14T20:55:03Z,pregame,pv_orig,822765,2026-09-14,[O4] no natural/scam signal for this slot
2026-09-14T20:55:03Z,pregame,pv_orig,823575,2026-09-14,[O4] no natural/scam signal for this slot
2026-09-14T20:55:03Z,pregame,pv_orig,824629,2026-09-14,[O4] no natural/scam signal for this slot
2026-09-14T20:55:03Z,pregame,pv_orig,823656,2026-09-14,[O4] no natural/scam signal for this slot
2026-09-14T20:55:03Z,pregame,pv_orig,824308,2026-09-14,[O4] no natural/scam signal for this slot
2026-09-14T20:55:03Z,pregame,pv_orig,823981,2026-09-14,[O4] no natural/scam signal for this slot
2026-09-14T20:55:03Z,pregame,pv_orig,825034,2026-09-14,[O4] no natural/scam signal for this slot
2026-09-14T20:55:04Z,pregame,sharp_split,824465,2026-09-14,[SS_ml] no-divergence: best gap +25 (need >=10 and handle >=50)
2026-09-14T20:55:04Z,pregame,sharp_split,822765,2026-09-14,[SS_ml] no-divergence: best gap +9 (need >=10 and handle >=50)
2026-09-14T20:55:04Z,pregame,sharp_split,824629,2026-09-14,[SS_ml] no-divergence: best gap +6 (need >=10 and handle >=50)
2026-09-14T20:55:04Z,pregame,sharp_split,824308,2026-09-14,[SS_ml] no-splits: none captured for game
2026-09-14T20:55:04Z,pregame,sharp_split,823981,2026-09-14,[SS_ml] no-divergence: best gap +0 (need >=10 and handle >=50)
2026-09-14T20:55:04Z,pregame,sharp_split,825034,2026-09-14,[SS_ml] no-divergence: best gap +0 (need >=10 and handle >=50)
2026-09-15T20:54:51Z,pregame,fade_public,822762,2026-09-15,[FP_ml] no-divergence: max tickets 58% < 65%
2026-09-15T20:54:51Z,pregame,fade_public,823574,2026-09-15,[FP_ml] no-divergence: max tickets 56% < 65%
2026-09-15T20:54:51Z,pregame,fade_public,824627,2026-09-15,[FP_ml] no-divergence: max tickets 55% < 65%
2026-09-15T20:54:51Z,pregame,pv_orig,824466,2026-09-15,"[O2_slot_mismatch] V day, P slot -- no outrageous scam"
2026-09-15T20:54:51Z,pregame,pv_orig,822925,2026-09-15,"[O2_slot_mismatch] V day, P slot -- no outrageous scam"
2026-09-15T20:54:51Z,pregame,pv_orig,824384,2026-09-15,"[O2_slot_mismatch] V day, P slot -- no outrageous scam"
2026-09-15T20:54:51Z,pregame,pv_orig,823333,2026-09-15,"[O2_slot_mismatch] V day, P slot -- no outrageous scam"
2026-09-15T20:54:51Z,pregame,pv_orig,822683,2026-09-15,[O4] no natural/scam signal for this slot
2026-09-15T20:54:51Z,pregame,pv_orig,822762,2026-09-15,[O4] no natural/scam signal for this slot
2026-09-15T20:54:51Z,pregame,pv_orig,824627,2026-09-15,"[O2_slot_mismatch] V day, P slot -- no outrageous scam"
2026-09-15T20:54:51Z,pregame,pv_orig,823654,2026-09-15,"[O2_slot_mismatch] V day, P slot -- no outrageous scam"
2026-09-15T20:54:51Z,pregame,pv_orig,824143,2026-09-15,[O4] no natural/scam signal for this slot
2026-09-15T20:54:51Z,pregame,pv_orig,823980,2026-09-15,[O4] no natural/scam signal for this slot
2026-09-15T20:54:51Z,pregame,pv_orig,825030,2026-09-15,"[O2_slot_mismatch] V day, P slot -- no outrageous scam"
2026-09-15T20:54:51Z,pregame,pv_v3,823654,2026-09-15,[R8_veto] Minnesota Twins lost last game by 5 with ERA 4.28 vs 2.73
2026-09-15T20:54:52Z,pregame,sharp_split,824466,2026-09-15,[SS_ml] no-divergence: best gap +2 (need >=10 and handle >=50)
2026-09-15T20:54:52Z,pregame,sharp_split,822925,2026-09-15,[SS_ml] no-divergence: best gap +6 (need >=10 and handle >=50)
2026-09-15T20:54:52Z,pregame,sharp_split,824384,2026-09-15,[SS_ml] no-divergence: best gap +7 (need >=10 and handle >=50)
2026-09-15T20:54:52Z,pregame,sharp_split,823333,2026-09-15,[SS_ml] no-divergence: best gap +9 (need >=10 and handle >=50)
2026-09-15T20:54:52Z,pregame,sharp_split,822683,2026-09-15,[SS_ml] no-divergence: best gap +18 (need >=10 and handle >=50)
2026-09-15T20:54:52Z,pregame,sharp_split,822762,2026-09-15,[SS_ml] no-divergence: best gap +8 (need >=10 and handle >=50)
2026-09-15T20:54:52Z,pregame,sharp_split,823574,2026-09-15,[SS_ml] no-divergence: best gap +6 (need >=10 and handle >=50)
2026-09-15T20:54:52Z,pregame,sharp_split,824627,2026-09-15,[SS_ml] no-divergence: best gap +4 (need >=10 and handle >=50)
2026-09-15T20:54:52Z,pregame,sharp_split,823654,2026-09-15,[SS_ml] no-divergence: best gap +2 (need >=10 and handle >=50)
2026-09-15T20:54:52Z,pregame,sharp_split,822849,2026-09-15,[SS_ml] no-divergence: best gap +0 (need >=10 and handle >=50)
2026-09-15T20:54:52Z,pregame,sharp_split,824143,2026-09-15,[SS_ml] no-divergence: best gap +0 (need >=10 and handle >=50)
2026-09-15T20:54:52Z,pregame,sharp_split,824307,2026-09-15,[SS_ml] no-divergence: best gap +0 (need >=10 and handle >=50)
2026-09-16T14:42:34Z,morning,fade_public,824382,2026-09-16,[FP_ml] no-divergence: max tickets 63% < 65%
2026-09-16T14:42:34Z,morning,pv_orig,824382,2026-09-16,[O1_wed_second_half] Wednesday Vegas half requires a big scam
2026-09-16T14:42:34Z,morning,pv_orig,823004,2026-09-16,[O4] no natural/scam signal for this slot
2026-09-16T14:42:34Z,morning,pv_orig,823655,2026-09-16,[O4] no natural/scam signal for this slot
2026-09-16T14:42:34Z,morning,sharp_split,824382,2026-09-16,[SS_ml] no-divergence: best gap +1 (need >=10 and handle >=50)
2026-09-16T14:42:34Z,morning,sharp_split,823655,2026-09-16,[SS_ml] no-divergence: best gap +3 (need >=10 and handle >=50)
2026-09-16T14:42:34Z,morning,sharp_split,822763,2026-09-16,[SS_ml] no-divergence: best gap +6 (need >=10 and handle >=50)
2026-09-16T20:55:10Z,pregame,fade_public,824467,2026-09-16,[FP_ml] stale: splits captured 15.8h ago
2026-09-16T20:55:10Z,pregame,fade_public,822926,2026-09-16,[FP_ml] stale: splits captured 15.8h ago
2026-09-16T20:55:10Z,pregame,fade_public,823332,2026-09-16,[FP_ml] stale: splits captured 15.8h ago
2026-09-16T20:55:10Z,pregame,fade_public,822680,2026-09-16,[FP_ml] stale: splits captured 15.8h ago
2026-09-16T20:55:10Z,pregame,fade_public,823576,2026-09-16,[FP_ml] stale: splits captured 15.8h ago
2026-09-16T20:55:10Z,pregame,fade_public,824626,2026-09-16,[FP_ml] stale: splits captured 15.8h ago
2026-09-16T20:55:10Z,pregame,fade_public,822846,2026-09-16,[FP_ml] no-splits: none captured for game
2026-09-16T20:55:10Z,pregame,fade_public,824140,2026-09-16,[FP_ml] no-splits: none captured for game
2026-09-16T20:55:10Z,pregame,fade_public,824306,2026-09-16,[FP_ml] no-splits: none captured for game
2026-09-16T20:55:10Z,pregame,fade_public,823979,2026-09-16,[FP_ml] no-splits: none captured for game
2026-09-16T20:55:10Z,pregame,fade_public,825031,2026-09-16,[FP_ml] no-splits: none captured for game
2026-09-16T20:55:10Z,pregame,pv_orig,824467,2026-09-16,[O4] no natural/scam signal for this slot
2026-09-16T20:55:10Z,pregame,pv_orig,822926,2026-09-16,[O4] no natural/scam signal for this slot
2026-09-16T20:55:10Z,pregame,pv_orig,823332,2026-09-16,[O4] no natural/scam signal for this slot
2026-09-16T20:55:10Z,pregame,pv_orig,822680,2026-09-16,[O1_wed_second_half] Wednesday Vegas half requires a big scam
2026-09-16T20:55:10Z,pregame,pv_orig,823576,2026-09-16,[O1_wed_second_half] Wednesday Vegas half requires a big scam
2026-09-16T20:55:10Z,pregame,pv_orig,824626,2026-09-16,[O1_wed_second_half] Wednesday Vegas half requires a big scam
2026-09-16T20:55:10Z,pregame,pv_orig,822846,2026-09-16,[O1_wed_second_half] Wednesday Vegas half requires a big scam
2026-09-16T20:55:10Z,pregame,pv_orig,824140,2026-09-16,[O1_wed_second_half] Wednesday Vegas half requires a big scam
2026-09-16T20:55:10Z,pregame,pv_orig,824306,2026-09-16,[O1_wed_second_half] Wednesday Vegas half requires a big scam
2026-09-16T20:55:10Z,pregame,pv_orig,823979,2026-09-16,[O1_wed_second_half] Wednesday Vegas half requires a big scam
2026-09-16T20:55:10Z,pregame,pv_orig,825031,2026-09-16,[O4] no natural/scam signal for this slot
2026-09-16T20:55:10Z,pregame,sharp_split,824467,2026-09-16,[SS_ml] stale: splits captured 15.8h ago
2026-09-16T20:55:10Z,pregame,sharp_split,822926,2026-09-16,[SS_ml] stale: splits captured 15.8h ago
2026-09-16T20:55:10Z,pregame,sharp_split,823332,2026-09-16,[SS_ml] stale: splits captured 15.8h ago
2026-09-16T20:55:10Z,pregame,sharp_split,822680,2026-09-16,[SS_ml] stale: splits captured 15.8h ago
2026-09-16T20:55:10Z,pregame,sharp_split,823576,2026-09-16,[SS_ml] stale: splits captured 15.8h ago
2026-09-16T20:55:10Z,pregame,sharp_split,824626,2026-09-16,[SS_ml] stale: splits captured 15.8h ago
2026-09-16T20:55:10Z,pregame,sharp_split,822846,2026-09-16,[SS_ml] no-splits: none captured for game
2026-09-16T20:55:10Z,pregame,sharp_split,824140,2026-09-16,[SS_ml] no-splits: none captured for game
2026-09-16T20:55:10Z,pregame,sharp_split,824306,2026-09-16,[SS_ml] no-splits: none captured for game
2026-09-16T20:55:10Z,pregame,sharp_split,823979,2026-09-16,[SS_ml] no-splits: none captured for game
2026-09-16T20:55:10Z,pregame,sharp_split,825031,2026-09-16,[SS_ml] no-splits: none captured for game
2026-09-17T14:42:47Z,morning,fade_public,822924,2026-09-17,[FP_ml] no-divergence: max tickets 53% < 65%
2026-09-17T14:42:47Z,morning,pv_orig,823334,2026-09-17,"[O1_off_day] thursday is an off day, no big scam"
2026-09-17T14:42:47Z,morning,pv_orig,824464,2026-09-17,"[O1_off_day] thursday is an off day, no big scam"
2026-09-17T14:42:47Z,morning,pv_orig,822924,2026-09-17,"[O1_off_day] thursday is an off day, no big scam"
2026-09-17T14:42:47Z,morning,pv_orig,824305,2026-09-17,"[O1_off_day] thursday is an off day, no big scam"
2026-09-17T14:42:47Z,morning,sharp_split,823334,2026-09-17,[SS_ml] no-divergence: best gap +8 (need >=10 and handle >=50)
2026-09-17T20:54:48Z,pregame,fade_public,823573,2026-09-17,[FP_ml] no-divergence: max tickets 59% < 65%
2026-09-17T20:54:48Z,pregame,fade_public,824548,2026-09-17,[FP_ml] no-divergence: max tickets 62% < 65%
2026-09-17T20:54:48Z,pregame,fade_public,822845,2026-09-17,[FP_ml] no-splits: none captured for game
2026-09-17T20:54:48Z,pregame,pv_orig,824141,2026-09-17,"[O1_off_day] thursday is an off day, no big scam"
2026-09-17T20:54:48Z,pregame,pv_orig,823573,2026-09-17,"[O1_off_day] thursday is an off day, no big scam"
2026-09-17T20:54:48Z,pregame,pv_orig,824548,2026-09-17,"[O1_off_day] thursday is an off day, no big scam"
2026-09-17T20:54:48Z,pregame,pv_orig,822845,2026-09-17,"[O1_off_day] thursday is an off day, no big scam"
2026-09-17T20:54:48Z,pregame,pv_orig,823978,2026-09-17,"[O1_off_day] thursday is an off day, no big scam"
2026-09-17T20:54:48Z,pregame,sharp_split,824548,2026-09-17,[SS_ml] no-divergence: best gap +4 (need >=10 and handle >=50)
2026-09-17T20:54:48Z,pregame,sharp_split,822845,2026-09-17,[SS_ml] no-splits: none captured for game
2026-09-17T20:54:48Z,pregame,sharp_split,823978,2026-09-17,[SS_ml] no-divergence: best gap +16 (need >=10 and handle >=50)
2026-09-18T20:55:16Z,pregame,fade_public,824790,2026-09-18,[FP_ml] no-divergence: max tickets 54% < 65%
2026-09-18T20:55:16Z,pregame,fade_public,824547,2026-09-18,[FP_ml] no-divergence: max tickets 56% < 65%
2026-09-18T20:55:16Z,pregame,fade_public,822847,2026-09-18,[FP_ml] no-splits: none captured for game
2026-09-18T20:55:16Z,pregame,fade_public,824303,2026-09-18,[FP_ml] no-splits: none captured for game
2026-09-18T20:55:16Z,pregame,fade_public,824138,2026-09-18,[FP_ml] no-splits: none captured for game
2026-09-18T20:55:16Z,pregame,fade_public,823005,2026-09-18,[FP_ml] no-splits: none captured for game
2026-09-18T20:55:16Z,pregame,fade_public,823977,2026-09-18,[FP_ml] no-splits: none captured for game
2026-09-18T20:55:16Z,pregame,fade_public,823252,2026-09-18,[FP_ml] no-splits: none captured for game
2026-09-18T20:55:16Z,pregame,fade_public,825032,2026-09-18,[FP_ml] no-splits: none captured for game
2026-09-18T20:55:16Z,pregame,fade_public,823898,2026-09-18,[FP_ml] no-splits: none captured for game
2026-09-18T20:55:16Z,pregame,pv_orig,824463,2026-09-18,[O4] no natural/scam signal for this slot
2026-09-18T20:55:16Z,pregame,pv_orig,823331,2026-09-18,[O4] no natural/scam signal for this slot
2026-09-18T20:55:16Z,pregame,pv_orig,824790,2026-09-18,[O4] no natural/scam signal for this slot
2026-09-18T20:55:16Z,pregame,pv_orig,824383,2026-09-18,[O4] no natural/scam signal for this slot
2026-09-18T20:55:16Z,pregame,pv_orig,822923,2026-09-18,[O4] no natural/scam signal for this slot
2026-09-18T20:55:16Z,pregame,pv_orig,823572,2026-09-18,[O4] no natural/scam signal for this slot
2026-09-18T20:55:16Z,pregame,pv_orig,824547,2026-09-18,[O4] no natural/scam signal for this slot
2026-09-18T20:55:16Z,pregame,pv_orig,822847,2026-09-18,[O4] no natural/scam signal for this slot
2026-09-18T20:55:16Z,pregame,pv_orig,824303,2026-09-18,[O4] no natural/scam signal for this slot
2026-09-18T20:55:16Z,pregame,pv_orig,824138,2026-09-18,[O4] no natural/scam signal for this slot
2026-09-18T20:55:16Z,pregame,pv_orig,823005,2026-09-18,[O4] no natural/scam signal for this slot
2026-09-18T20:55:16Z,pregame,pv_orig,823977,2026-09-18,[O4] no natural/scam signal for this slot
2026-09-18T20:55:16Z,pregame,pv_orig,823252,2026-09-18,[O4] no natural/scam signal for this slot
2026-09-18T20:55:16Z,pregame,pv_orig,825032,2026-09-18,[O4] no natural/scam signal for this slot
2026-09-18T20:55:16Z,pregame,pv_orig,823898,2026-09-18,[O4] no natural/scam signal for this slot
2026-09-18T20:55:17Z,pregame,sharp_split,824463,2026-09-18,[SS_ml] no-divergence: best gap +5 (need >=10 and handle >=50)
2026-09-18T20:55:17Z,pregame,sharp_split,823331,2026-09-18,[SS_ml] no-divergence: best gap +2 (need >=10 and handle >=50)
2026-09-18T20:55:17Z,pregame,sharp_split,824790,2026-09-18,[SS_ml] no-divergence: best gap +9 (need >=10 and handle >=50)
2026-09-18T20:55:17Z,pregame,sharp_split,824383,2026-09-18,[SS_ml] no-divergence: best gap +4 (need >=10 and handle >=50)
2026-09-18T20:55:17Z,pregame,sharp_split,822923,2026-09-18,[SS_ml] no-divergence: best gap +7 (need >=10 and handle >=50)
2026-09-18T20:55:17Z,pregame,sharp_split,824547,2026-09-18,[SS_ml] no-divergence: best gap +4 (need >=10 and handle >=50)
2026-09-18T20:55:17Z,pregame,sharp_split,822847,2026-09-18,[SS_ml] no-splits: none captured for game
2026-09-18T20:55:17Z,pregame,sharp_split,824303,2026-09-18,[SS_ml] no-splits: none captured for game
2026-09-18T20:55:17Z,pregame,sharp_split,824138,2026-09-18,[SS_ml] no-splits: none captured for game
2026-09-18T20:55:17Z,pregame,sharp_split,823005,2026-09-18,[SS_ml] no-splits: none captured for game
2026-09-18T20:55:17Z,pregame,sharp_split,823977,2026-09-18,[SS_ml] no-splits: none captured for game
2026-09-18T20:55:17Z,pregame,sharp_split,823252,2026-09-18,[SS_ml] no-splits: none captured for game
2026-09-18T20:55:17Z,pregame,sharp_split,825032,2026-09-18,[SS_ml] no-splits: none captured for game
2026-09-18T20:55:17Z,pregame,sharp_split,823898,2026-09-18,[SS_ml] no-splits: none captured for game
2026-09-19T14:39:59Z,morning,pv_orig,824545,2026-09-19,"[O1_off_day] saturday is an off day, no big scam"
2026-09-19T20:55:14Z,pregame,fade_public,822843,2026-09-19,[FP_ml] no-divergence: max tickets 52% < 65%
2026-09-19T20:55:14Z,pregame,fade_public,824137,2026-09-19,[FP_ml] no-divergence: max tickets 51% < 65%
2026-09-19T20:55:14Z,pregame,fade_public,823003,2026-09-19,[FP_ml] no-divergence: max tickets 59% < 65%
2026-09-19T20:55:14Z,pregame,fade_public,824304,2026-09-19,[FP_ml] no-splits: none captured for game
2026-09-19T20:55:14Z,pregame,fade_public,823249,2026-09-19,[FP_ml] no-splits: none captured for game
2026-09-19T20:55:14Z,pregame,fade_public,823899,2026-09-19,[FP_ml] no-splits: none captured for game
2026-09-19T20:55:15Z,pregame,pv_orig,824380,2026-09-19,"[O1_off_day] saturday is an off day, no big scam"
2026-09-19T20:55:15Z,pregame,pv_orig,824461,2026-09-19,"[O1_off_day] saturday is an off day, no big scam"
2026-09-19T20:55:15Z,pregame,pv_orig,823330,2026-09-19,"[O1_off_day] saturday is an off day, no big scam"
2026-09-19T20:55:15Z,pregame,pv_orig,822843,2026-09-19,"[O1_off_day] saturday is an off day, no big scam"
2026-09-19T20:55:15Z,pregame,pv_orig,823003,2026-09-19,"[O1_off_day] saturday is an off day, no big scam"
2026-09-19T20:55:15Z,pregame,pv_orig,824304,2026-09-19,"[O1_off_day] saturday is an off day, no big scam"
2026-09-19T20:55:15Z,pregame,pv_orig,825029,2026-09-19,"[O1_off_day] saturday is an off day, no big scam"
2026-09-19T20:55:15Z,pregame,pv_orig,823249,2026-09-19,"[O1_off_day] saturday is an off day, no big scam"
2026-09-19T20:55:15Z,pregame,pv_orig,823899,2026-09-19,"[O1_off_day] saturday is an off day, no big scam"
2026-09-19T20:55:15Z,pregame,pv_orig,823976,2026-09-19,"[O1_off_day] saturday is an off day, no big scam"
2026-09-19T20:55:15Z,pregame,sharp_split,824380,2026-09-19,[SS_ml] no-divergence: best gap +25 (need >=10 and handle >=50)
2026-09-19T20:55:15Z,pregame,sharp_split,823330,2026-09-19,[SS_ml] no-divergence: best gap +8 (need >=10 and handle >=50)
2026-09-19T20:55:15Z,pregame,sharp_split,824304,2026-09-19,[SS_ml] no-splits: none captured for game
2026-09-19T20:55:15Z,pregame,sharp_split,823249,2026-09-19,[SS_ml] no-splits: none captured for game
2026-09-19T20:55:15Z,pregame,sharp_split,823899,2026-09-19,[SS_ml] no-splits: none captured for game
2026-09-20T14:40:10Z,morning,fade_public,823329,2026-09-20,[FP_ml] no-divergence: max tickets 58% < 65%
2026-09-20T14:40:10Z,morning,fade_public,823001,2026-09-20,[FP_ml] no-divergence: max tickets 58% < 65%
2026-09-20T14:40:10Z,morning,fade_public,822844,2026-09-20,[FP_ml] no-divergence: max tickets 60% < 65%
2026-09-20T14:40:11Z,morning,pv_orig,823570,2026-09-20,"[O2_slot_mismatch] V day, P slot -- no outrageous scam"
2026-09-20T14:40:11Z,morning,pv_orig,823329,2026-09-20,[O4] no natural/scam signal for this slot
2026-09-20T14:40:11Z,morning,pv_orig,824462,2026-09-20,"[O2_slot_mismatch] V day, P slot -- no outrageous scam"
2026-09-20T14:40:11Z,morning,pv_orig,824381,2026-09-20,"[O2_slot_mismatch] V day, P slot -- no outrageous scam"
2026-09-20T14:40:11Z,morning,pv_orig,822922,2026-09-20,"[O2_slot_mismatch] V day, P slot -- no outrageous scam"
2026-09-20T14:40:11Z,morning,pv_orig,824139,2026-09-20,"[O2_slot_mismatch] V day, P slot -- no outrageous scam"
2026-09-20T14:40:11Z,morning,pv_orig,824546,2026-09-20,"[O2_slot_mismatch] V day, P slot -- no outrageous scam"
2026-09-20T14:40:11Z,morning,pv_orig,823001,2026-09-20,[O4] no natural/scam signal for this slot
2026-09-20T14:40:11Z,morning,pv_orig,822844,2026-09-20,[O4] no natural/scam signal for this slot
2026-09-20T14:40:11Z,morning,pv_orig,824300,2026-09-20,[O4] no natural/scam signal for this slot
2026-09-20T14:40:11Z,morning,sharp_split,823570,2026-09-20,[SS_ml] no-divergence: best gap +1 (need >=10 and handle >=50)
2026-09-20T14:40:11Z,morning,sharp_split,824462,2026-09-20,[SS_ml] no-divergence: best gap +6 (need >=10 and handle >=50)
2026-09-20T14:40:11Z,morning,sharp_split,824381,2026-09-20,[SS_ml] no-divergence: best gap +5 (need >=10 and handle >=50)
2026-09-20T14:40:11Z,morning,sharp_split,822922,2026-09-20,[SS_ml] no-divergence: best gap +9 (need >=10 and handle >=50)
2026-09-20T14:40:11Z,morning,sharp_split,824139,2026-09-20,[SS_ml] no-divergence: best gap +10 (need >=10 and handle >=50)
2026-09-20T14:40:11Z,morning,sharp_split,822844,2026-09-20,[SS_ml] no-divergence: best gap +0 (need >=10 and handle >=50)
2026-09-20T20:55:10Z,pregame,pv_orig,824789,2026-09-20,[O4] no natural/scam signal for this slot
2026-09-20T20:55:10Z,pregame,sharp_split,824789,2026-09-20,[SS_ml] no-divergence: best gap +2 (need >=10 and handle >=50)
2026-09-21T20:55:33Z,pregame,fade_public,824787,2026-09-21,[FP_ml] no-divergence: max tickets 60% < 65%
2026-09-21T20:55:33Z,pregame,fade_public,823169,2026-09-21,[FP_ml] no-divergence: max tickets 64% < 65%
2026-09-21T20:55:33Z,pregame,pv_orig,824787,2026-09-21,[O4] no natural/scam signal for this slot
2026-09-21T20:55:33Z,pregame,pv_orig,824221,2026-09-21,[O4] no natural/scam signal for this slot
2026-09-21T20:55:33Z,pregame,pv_orig,823169,2026-09-21,[O4] no natural/scam signal for this slot
2026-09-21T20:55:33Z,pregame,pv_v3,824221,2026-09-21,"[R3] no movement signal, no dossier edge"
2026-09-22T14:44:48Z,morning,fade_public,823543,2026-09-22,[FP_ml] no-splits: none captured for game
2026-09-22T14:44:48Z,morning,pv_orig,823543,2026-09-22,"[O2_slot_mismatch] V day, P slot -- no outrageous scam"
2026-09-22T14:44:48Z,morning,sharp_split,823543,2026-09-22,[SS_ml] no-splits: none captured for game
2026-09-22T20:55:39Z,pregame,fade_public,823328,2026-09-22,[FP_ml] no-divergence: max tickets 62% < 65%
2026-09-22T20:55:39Z,pregame,fade_public,824709,2026-09-22,[FP_ml] no-divergence: max tickets 54% < 65%
2026-09-22T20:55:39Z,pregame,fade_public,822840,2026-09-22,[FP_ml] no-splits: none captured for game
2026-09-22T20:55:39Z,pregame,fade_public,824302,2026-09-22,[FP_ml] no-splits: none captured for game
2026-09-22T20:55:39Z,pregame,fade_public,824953,2026-09-22,[FP_ml] no-splits: none captured for game
2026-09-22T20:55:39Z,pregame,fade_public,823089,2026-09-22,[FP_ml] no-splits: none captured for game
2026-09-22T20:55:39Z,pregame,fade_public,823166,2026-09-22,[FP_ml] no-splits: none captured for game
2026-09-22T20:55:39Z,pregame,fade_public,823897,2026-09-22,[FP_ml] no-splits: none captured for game
2026-09-22T20:55:39Z,pregame,fade_public,824785,2026-09-22,[FP_ml] status=Final
2026-09-22T20:55:39Z,pregame,fav_ml,824785,2026-09-22,[B_FAV] status=Final
2026-09-22T20:55:39Z,pregame,pv_orig,824222,2026-09-22,"[O2_slot_mismatch] V day, P slot -- no outrageous scam"
2026-09-22T20:55:39Z,pregame,pv_orig,823328,2026-09-22,"[O2_slot_mismatch] V day, P slot -- no outrageous scam"
2026-09-22T20:55:39Z,pregame,pv_orig,823412,2026-09-22,"[O2_slot_mismatch] V day, P slot -- no outrageous scam"
2026-09-22T20:55:39Z,pregame,pv_orig,824867,2026-09-22,[O4] no natural/scam signal for this slot
2026-09-22T20:55:39Z,pregame,pv_orig,824061,2026-09-22,"[O2_slot_mismatch] V day, P slot -- no outrageous scam"
2026-09-22T20:55:39Z,pregame,pv_orig,824624,2026-09-22,"[O2_slot_mismatch] V day, P slot -- no outrageous scam"
2026-09-22T20:55:39Z,pregame,pv_orig,822840,2026-09-22,[O3_first_meeting] no totals on a season-first meeting
2026-09-22T20:55:39Z,pregame,pv_orig,824302,2026-09-22,[O4] no natural/scam signal for this slot
2026-09-22T20:55:39Z,pregame,pv_orig,824953,2026-09-22,"[O2_slot_mismatch] V day, P slot -- no outrageous scam"
2026-09-22T20:55:39Z,pregame,pv_orig,823089,2026-09-22,"[O2_slot_mismatch] V day, P slot -- no outrageous scam"
2026-09-22T20:55:39Z,pregame,pv_orig,823166,2026-09-22,[O4] no natural/scam signal for this slot
2026-09-22T20:55:39Z,pregame,pv_orig,823897,2026-09-22,"[O2_slot_mismatch] V day, P slot -- no outrageous scam"
2026-09-22T20:55:39Z,pregame,pv_orig,824785,2026-09-22,[O0] status=Final
2026-09-22T20:55:40Z,pregame,pv_v3,824785,2026-09-22,[R0] status=Final
2026-09-22T20:55:40Z,pregame,sharp_split,823328,2026-09-22,[SS_ml] no-divergence: best gap +4 (need >=10 and handle >=50)
2026-09-22T20:55:40Z,pregame,sharp_split,824709,2026-09-22,[SS_ml] no-divergence: best gap +5 (need >=10 and handle >=50)
2026-09-22T20:55:40Z,pregame,sharp_split,824867,2026-09-22,[SS_ml] no-divergence: best gap +17 (need >=10 and handle >=50)
2026-09-22T20:55:40Z,pregame,sharp_split,824624,2026-09-22,[SS_ml] no-divergence: best gap +0 (need >=10 and handle >=50)
2026-09-22T20:55:40Z,pregame,sharp_split,822840,2026-09-22,[SS_ml] no-splits: none captured for game
2026-09-22T20:55:40Z,pregame,sharp_split,824302,2026-09-22,[SS_ml] no-splits: none captured for game
2026-09-22T20:55:40Z,pregame,sharp_split,824953,2026-09-22,[SS_ml] no-splits: none captured for game
2026-09-22T20:55:40Z,pregame,sharp_split,823089,2026-09-22,[SS_ml] no-splits: none captured for game
2026-09-22T20:55:40Z,pregame,sharp_split,823166,2026-09-22,[SS_ml] no-splits: none captured for game
2026-09-22T20:55:40Z,pregame,sharp_split,823897,2026-09-22,[SS_ml] no-splits: none captured for game
2026-09-22T20:55:40Z,pregame,sharp_split,824785,2026-09-22,[SS_ml] status=Final
2026-09-23T14:44:29Z,morning,fade_public,824223,2026-09-23,[FP_ml] no-splits: none captured for game
2026-09-23T14:44:29Z,morning,fade_public,824785,2026-09-23,[FP_ml] no-splits: none captured for game
2026-09-23T14:44:29Z,morning,fade_public,823168,2026-09-23,[FP_ml] no-splits: none captured for game
2026-09-23T14:44:29Z,morning,pv_orig,824223,2026-09-23,[O1_wed_second_half] Wednesday Vegas half requires a big scam
2026-09-23T14:44:29Z,morning,sharp_split,824223,2026-09-23,[SS_ml] no-splits: none captured for game
2026-09-23T14:44:29Z,morning,sharp_split,824785,2026-09-23,[SS_ml] no-splits: none captured for game
2026-09-23T14:44:29Z,morning,sharp_split,823168,2026-09-23,[SS_ml] no-splits: none captured for game
2026-09-23T20:55:25Z,pregame,fade_public,824784,2026-09-23,[FP_ml] no-splits: none captured for game
2026-09-23T20:55:25Z,pregame,fade_public,823327,2026-09-23,[FP_ml] no-splits: none captured for game
2026-09-23T20:55:25Z,pregame,fade_public,823410,2026-09-23,[FP_ml] no-splits: none captured for game
2026-09-23T20:55:25Z,pregame,fade_public,823492,2026-09-23,[FP_ml] no-splits: none captured for game
2026-09-23T20:55:25Z,pregame,fade_public,824710,2026-09-23,[FP_ml] no-splits: none captured for game
2026-09-23T20:55:25Z,pregame,fade_public,824868,2026-09-23,[FP_ml] no-splits: none captured for game
2026-09-23T20:55:25Z,pregame,fade_public,824060,2026-09-23,[FP_ml] no-splits: none captured for game
2026-09-23T20:55:25Z,pregame,fade_public,824625,2026-09-23,[FP_ml] no-splits: none captured for game
2026-09-23T20:55:25Z,pregame,fade_public,822841,2026-09-23,[FP_ml] no-splits: none captured for game
2026-09-23T20:55:25Z,pregame,fade_public,824301,2026-09-23,[FP_ml] no-splits: none captured for game
2026-09-23T20:55:25Z,pregame,fade_public,824951,2026-09-23,[FP_ml] no-splits: none captured for game
2026-09-23T20:55:25Z,pregame,fade_public,823894,2026-09-23,[FP_ml] no-splits: none captured for game
2026-09-23T20:55:25Z,pregame,fade_public,823086,2026-09-23,[FP_ml] no-splits: none captured for game
2026-09-23T20:55:26Z,pregame,pv_orig,824784,2026-09-23,[O1_wed_second_half] Wednesday Vegas half requires a big scam
2026-09-23T20:55:26Z,pregame,pv_orig,823327,2026-09-23,[O4] no natural/scam signal for this slot
2026-09-23T20:55:26Z,pregame,pv_orig,823492,2026-09-23,[O1_wed_second_half] Wednesday Vegas half requires a big scam
2026-09-23T20:55:26Z,pregame,pv_orig,824710,2026-09-23,[O1_wed_second_half] Wednesday Vegas half requires a big scam
2026-09-23T20:55:26Z,pregame,pv_orig,824868,2026-09-23,[O1_wed_second_half] Wednesday Vegas half requires a big scam
2026-09-23T20:55:26Z,pregame,pv_orig,824060,2026-09-23,[O4] no natural/scam signal for this slot
2026-09-23T20:55:26Z,pregame,pv_orig,824625,2026-09-23,[O4] no natural/scam signal for this slot
2026-09-23T20:55:26Z,pregame,pv_orig,824301,2026-09-23,[O1_wed_second_half] Wednesday Vegas half requires a big scam
2026-09-23T20:55:26Z,pregame,pv_orig,824951,2026-09-23,[O1_wed_second_half] Wednesday Vegas half requires a big scam
2026-09-23T20:55:26Z,pregame,pv_orig,823894,2026-09-23,[O7] heavy favorite -220
2026-09-23T20:55:26Z,pregame,pv_orig,823086,2026-09-23,[O6] public slot price -192 more expensive than -160
2026-09-23T20:55:26Z,pregame,pv_v3,824784,2026-09-23,"[R3] no movement signal, no dossier edge"
2026-09-23T20:55:26Z,pregame,sharp_split,824784,2026-09-23,[SS_ml] no-splits: none captured for game
2026-09-23T20:55:26Z,pregame,sharp_split,823327,2026-09-23,[SS_ml] no-splits: none captured for game
2026-09-23T20:55:26Z,pregame,sharp_split,823410,2026-09-23,[SS_ml] no-splits: none captured for game
2026-09-23T20:55:26Z,pregame,sharp_split,823492,2026-09-23,[SS_ml] no-splits: none captured for game
2026-09-23T20:55:26Z,pregame,sharp_split,824710,2026-09-23,[SS_ml] no-splits: none captured for game
2026-09-23T20:55:26Z,pregame,sharp_split,824868,2026-09-23,[SS_ml] no-splits: none captured for game
2026-09-23T20:55:26Z,pregame,sharp_split,824060,2026-09-23,[SS_ml] no-splits: none captured for game
2026-09-23T20:55:26Z,pregame,sharp_split,824625,2026-09-23,[SS_ml] no-splits: none captured for game
2026-09-23T20:55:26Z,pregame,sharp_split,822841,2026-09-23,[SS_ml] no-splits: none captured for game
2026-09-23T20:55:26Z,pregame,sharp_split,824301,2026-09-23,[SS_ml] no-splits: none captured for game
2026-09-23T20:55:26Z,pregame,sharp_split,824951,2026-09-23,[SS_ml] no-splits: none captured for game
2026-09-23T20:55:26Z,pregame,sharp_split,823894,2026-09-23,[SS_ml] no-splits: none captured for game
2026-09-23T20:55:26Z,pregame,sharp_split,823086,2026-09-23,[SS_ml] no-splits: none captured for game
2026-09-24T14:45:54Z,morning,fade_public,824059,2026-09-24,[FP_ml] no-divergence: max tickets 62% < 65%
2026-09-24T14:45:54Z,morning,fade_public,822842,2026-09-24,[FP_ml] no-divergence: max tickets 62% < 65%
2026-09-24T14:45:55Z,morning,pv_orig,823326,2026-09-24,"[O1_off_day] thursday is an off day, no big scam"
2026-09-24T14:45:55Z,morning,pv_orig,824059,2026-09-24,"[O1_off_day] thursday is an off day, no big scam"
2026-09-24T14:45:55Z,morning,pv_orig,824623,2026-09-24,"[O1_off_day] thursday is an off day, no big scam"
2026-09-24T14:45:55Z,morning,pv_orig,822842,2026-09-24,"[O1_off_day] thursday is an off day, no big scam"
2026-09-24T14:45:55Z,morning,pv_orig,824298,2026-09-24,"[O1_off_day] thursday is an off day, no big scam"
2026-09-24T14:45:55Z,morning,sharp_split,823326,2026-09-24,[SS_ml] no-divergence: best gap +3 (need >=10 and handle >=50)
2026-09-24T14:45:55Z,morning,sharp_split,824623,2026-09-24,[SS_ml] no-divergence: best gap +11 (need >=10 and handle >=50)
