config_id,min_merit_score,min_price_delta_cents,big_scam_min_price_delta_cents,evenly_matched_max_abs_ml,split,n_bets,wins,losses,pushes,profit,roi
mm0.5-mp5.0-bs40-e110,0.5,5.0,40,110,train,2061,1070,970,21,1262.59,0.62
mm0.5-mp5.0-bs40-e110,0.5,5.0,40,110,valid,373,183,185,5,-224.03,-0.61
mm0.5-mp5.0-bs40-e120,0.5,5.0,40,120,train,1999,1053,925,21,4033.78,2.04
mm0.5-mp5.0-bs40-e120,0.5,5.0,40,120,valid,369,182,182,5,-73.92,-0.2
mm0.5-mp5.0-bs40-e130,0.5,5.0,40,130,train,1963,1037,905,21,4565.15,2.35
mm0.5-mp5.0-bs40-e130,0.5,5.0,40,130,valid,364,174,185,5,-981.38,-2.73
mm0.5-mp5.0-bs40-e140,0.5,5.0,40,140,train,1945,1013,911,21,2002.82,1.04
mm0.5-mp5.0-bs40-e140,0.5,5.0,40,140,valid,364,174,185,5,-1092.13,-3.04
mm0.5-mp5.0-bs60-e110,0.5,5.0,60,110,train,1982,1032,929,21,1431.76,0.73
mm0.5-mp5.0-bs60-e110,0.5,5.0,60,110,valid,352,173,174,5,-298.73,-0.86
mm0.5-mp5.0-bs60-e120,0.5,5.0,60,120,train,1920,1015,884,21,4202.95,2.21
mm0.5-mp5.0-bs60-e120,0.5,5.0,60,120,valid,348,172,171,5,-148.62,-0.43
mm0.5-mp5.0-bs60-e130,0.5,5.0,60,130,train,1884,999,864,21,4734.32,2.54
mm0.5-mp5.0-bs60-e130,0.5,5.0,60,130,valid,343,164,174,5,-1056.08,-3.12
mm0.5-mp5.0-bs60-e140,0.5,5.0,60,140,train,1866,975,870,21,2171.99,1.18
mm0.5-mp5.0-bs60-e140,0.5,5.0,60,140,valid,343,164,174,5,-1166.83,-3.45
mm0.5-mp5.0-bs80-e110,0.5,5.0,80,110,train,1921,1005,895,21,2351.07,1.24
mm0.5-mp5.0-bs80-e110,0.5,5.0,80,110,valid,340,169,166,5,-51.84,-0.15
mm0.5-mp5.0-bs80-e120,0.5,5.0,80,120,train,1859,988,850,21,5122.26,2.79
mm0.5-mp5.0-bs80-e120,0.5,5.0,80,120,valid,336,168,163,5,98.27,0.3
mm0.5-mp5.0-bs80-e130,0.5,5.0,80,130,train,1823,972,830,21,5653.63,3.14
mm0.5-mp5.0-bs80-e130,0.5,5.0,80,130,valid,331,160,166,5,-809.19,-2.48
mm0.5-mp5.0-bs80-e140,0.5,5.0,80,140,train,1805,948,836,21,3091.3,1.73
mm0.5-mp5.0-bs80-e140,0.5,5.0,80,140,valid,331,160,166,5,-919.94,-2.82
mm0.5-mp5.0-bs100-e110,0.5,5.0,100,110,train,1871,983,867,21,2813.08,1.52
mm0.5-mp5.0-bs100-e110,0.5,5.0,100,110,valid,331,165,161,5,20.5,0.06
mm0.5-mp5.0-bs100-e120,0.5,5.0,100,120,train,1809,966,822,21,5584.27,3.12
mm0.5-mp5.0-bs100-e120,0.5,5.0,100,120,valid,327,164,158,5,170.61,0.53
mm0.5-mp5.0-bs100-e130,0.5,5.0,100,130,train,1773,950,802,21,6115.64,3.49
mm0.5-mp5.0-bs100-e130,0.5,5.0,100,130,valid,322,156,161,5,-736.85,-2.32
mm0.5-mp5.0-bs100-e140,0.5,5.0,100,140,train,1755,926,808,21,3553.31,2.05
mm0.5-mp5.0-bs100-e140,0.5,5.0,100,140,valid,322,156,161,5,-847.6,-2.67
mm0.5-mp10.0-bs40-e110,0.5,10.0,40,110,train,2024,1051,952,21,968.29,0.48
mm0.5-mp10.0-bs40-e110,0.5,10.0,40,110,valid,371,183,183,5,-24.03,-0.07
mm0.5-mp10.0-bs40-e120,0.5,10.0,40,120,train,1964,1035,908,21,3824.92,1.97
mm0.5-mp10.0-bs40-e120,0.5,10.0,40,120,valid,367,182,180,5,126.08,0.35
mm0.5-mp10.0-bs40-e130,0.5,10.0,40,130,train,1930,1020,889,21,4378.29,2.29
mm0.5-mp10.0-bs40-e130,0.5,10.0,40,130,valid,362,174,183,5,-781.38,-2.19
mm0.5-mp10.0-bs40-e140,0.5,10.0,40,140,train,1914,997,896,21,1783.53,0.94
mm0.5-mp10.0-bs40-e140,0.5,10.0,40,140,valid,362,174,183,5,-892.13,-2.5
mm0.5-mp10.0-bs60-e110,0.5,10.0,60,110,train,1945,1013,911,21,1137.46,0.59
mm0.5-mp10.0-bs60-e110,0.5,10.0,60,110,valid,350,173,172,5,-98.73,-0.29
mm0.5-mp10.0-bs60-e120,0.5,10.0,60,120,train,1885,997,867,21,3994.09,2.14
mm0.5-mp10.0-bs60-e120,0.5,10.0,60,120,valid,346,172,169,5,51.38,0.15
mm0.5-mp10.0-bs60-e130,0.5,10.0,60,130,train,1851,982,848,21,4547.46,2.48
mm0.5-mp10.0-bs60-e130,0.5,10.0,60,130,valid,341,164,172,5,-856.08,-2.55
mm0.5-mp10.0-bs60-e140,0.5,10.0,60,140,train,1835,959,855,21,1952.7,1.08
mm0.5-mp10.0-bs60-e140,0.5,10.0,60,140,valid,341,164,172,5,-966.83,-2.88
mm0.5-mp10.0-bs80-e110,0.5,10.0,80,110,train,1884,986,877,21,2056.77,1.1
mm0.5-mp10.0-bs80-e110,0.5,10.0,80,110,valid,338,169,164,5,148.16,0.44
mm0.5-mp10.0-bs80-e120,0.5,10.0,80,120,train,1824,970,833,21,4913.4,2.73
mm0.5-mp10.0-bs80-e120,0.5,10.0,80,120,valid,334,168,161,5,298.27,0.91
mm0.5-mp10.0-bs80-e130,0.5,10.0,80,130,train,1790,955,814,21,5466.77,3.09
mm0.5-mp10.0-bs80-e130,0.5,10.0,80,130,valid,329,160,164,5,-609.19,-1.88
mm0.5-mp10.0-bs80-e140,0.5,10.0,80,140,train,1774,932,821,21,2872.01,1.64
mm0.5-mp10.0-bs80-e140,0.5,10.0,80,140,valid,329,160,164,5,-719.94,-2.22
mm0.5-mp10.0-bs100-e110,0.5,10.0,100,110,train,1834,964,849,21,2518.78,1.39
mm0.5-mp10.0-bs100-e110,0.5,10.0,100,110,valid,329,165,159,5,220.5,0.68
mm0.5-mp10.0-bs100-e120,0.5,10.0,100,120,train,1774,948,805,21,5375.41,3.07
mm0.5-mp10.0-bs100-e120,0.5,10.0,100,120,valid,325,164,156,5,370.61,1.16
mm0.5-mp10.0-bs100-e130,0.5,10.0,100,130,train,1740,933,786,21,5928.78,3.45
mm0.5-mp10.0-bs100-e130,0.5,10.0,100,130,valid,320,156,159,5,-536.85,-1.7
mm0.5-mp10.0-bs100-e140,0.5,10.0,100,140,train,1724,910,793,21,3334.02,1.96
mm0.5-mp10.0-bs100-e140,0.5,10.0,100,140,valid,320,156,159,5,-647.6,-2.06
mm1.0-mp5.0-bs40-e110,1.0,5.0,40,110,train,2007,1041,945,21,1404.91,0.71
mm1.0-mp5.0-bs40-e110,1.0,5.0,40,110,valid,367,181,181,5,-32.49,-0.09
mm1.0-mp5.0-bs40-e120,1.0,5.0,40,120,train,1949,1025,903,21,3962.24,2.06
mm1.0-mp5.0-bs40-e120,1.0,5.0,40,120,valid,364,181,178,5,232.62,0.65
mm1.0-mp5.0-bs40-e130,1.0,5.0,40,130,train,1916,1009,886,21,4194.64,2.21
mm1.0-mp5.0-bs40-e130,1.0,5.0,40,130,valid,359,173,181,5,-674.84,-1.91
mm1.0-mp5.0-bs40-e140,1.0,5.0,40,140,train,1898,985,892,21,1632.31,0.87
mm1.0-mp5.0-bs40-e140,1.0,5.0,40,140,valid,359,173,181,5,-785.59,-2.22
mm1.0-mp5.0-bs60-e110,1.0,5.0,60,110,train,1929,1003,905,21,1474.08,0.77
mm1.0-mp5.0-bs60-e110,1.0,5.0,60,110,valid,347,171,171,5,-207.19,-0.61
mm1.0-mp5.0-bs60-e120,1.0,5.0,60,120,train,1871,987,863,21,4031.41,2.18
mm1.0-mp5.0-bs60-e120,1.0,5.0,60,120,valid,344,171,168,5,57.92,0.17
mm1.0-mp5.0-bs60-e130,1.0,5.0,60,130,train,1838,971,846,21,4263.81,2.35
mm1.0-mp5.0-bs60-e130,1.0,5.0,60,130,valid,339,163,171,5,-849.54,-2.54
mm1.0-mp5.0-bs60-e140,1.0,5.0,60,140,train,1820,947,852,21,1701.48,0.95
mm1.0-mp5.0-bs60-e140,1.0,5.0,60,140,valid,339,163,171,5,-960.29,-2.88
mm1.0-mp5.0-bs80-e110,1.0,5.0,80,110,train,1869,976,872,21,2293.39,1.24
mm1.0-mp5.0-bs80-e110,1.0,5.0,80,110,valid,336,167,164,5,-60.3,-0.18
mm1.0-mp5.0-bs80-e120,1.0,5.0,80,120,train,1811,960,830,21,4850.72,2.71
mm1.0-mp5.0-bs80-e120,1.0,5.0,80,120,valid,333,167,161,5,204.81,0.62
mm1.0-mp5.0-bs80-e130,1.0,5.0,80,130,train,1778,944,813,21,5083.12,2.89
mm1.0-mp5.0-bs80-e130,1.0,5.0,80,130,valid,328,159,164,5,-702.65,-2.18
mm1.0-mp5.0-bs80-e140,1.0,5.0,80,140,train,1760,920,819,21,2520.79,1.45
mm1.0-mp5.0-bs80-e140,1.0,5.0,80,140,valid,328,159,164,5,-813.4,-2.52
mm1.0-mp5.0-bs100-e110,1.0,5.0,100,110,train,1819,954,844,21,2755.4,1.53
mm1.0-mp5.0-bs100-e110,1.0,5.0,100,110,valid,327,163,159,5,12.04,0.04
mm1.0-mp5.0-bs100-e120,1.0,5.0,100,120,train,1761,938,802,21,5312.73,3.05
mm1.0-mp5.0-bs100-e120,1.0,5.0,100,120,valid,324,163,156,5,277.15,0.87
mm1.0-mp5.0-bs100-e130,1.0,5.0,100,130,train,1728,922,785,21,5545.13,3.25
mm1.0-mp5.0-bs100-e130,1.0,5.0,100,130,valid,319,155,159,5,-630.31,-2.01
mm1.0-mp5.0-bs100-e140,1.0,5.0,100,140,train,1710,898,791,21,2982.8,1.77
mm1.0-mp5.0-bs100-e140,1.0,5.0,100,140,valid,319,155,159,5,-741.06,-2.36
mm1.0-mp10.0-bs40-e110,1.0,10.0,40,110,train,1970,1022,927,21,1110.61,0.57
mm1.0-mp10.0-bs40-e110,1.0,10.0,40,110,valid,365,181,179,5,167.51,0.47
mm1.0-mp10.0-bs40-e120,1.0,10.0,40,120,train,1914,1007,886,21,3753.38,1.98
mm1.0-mp10.0-bs40-e120,1.0,10.0,40,120,valid,362,181,176,5,432.62,1.21
mm1.0-mp10.0-bs40-e130,1.0,10.0,40,130,train,1883,992,870,21,4007.78,2.15
mm1.0-mp10.0-bs40-e130,1.0,10.0,40,130,valid,357,173,179,5,-474.84,-1.35
mm1.0-mp10.0-bs40-e140,1.0,10.0,40,140,train,1867,969,877,21,1413.02,0.77
mm1.0-mp10.0-bs40-e140,1.0,10.0,40,140,valid,357,173,179,5,-585.59,-1.66
mm1.0-mp10.0-bs60-e110,1.0,10.0,60,110,train,1892,984,887,21,1179.78,0.63
mm1.0-mp10.0-bs60-e110,1.0,10.0,60,110,valid,345,171,169,5,-7.19,-0.02
mm1.0-mp10.0-bs60-e120,1.0,10.0,60,120,train,1836,969,846,21,3822.55,2.11
mm1.0-mp10.0-bs60-e120,1.0,10.0,60,120,valid,342,171,166,5,257.92,0.77
mm1.0-mp10.0-bs60-e130,1.0,10.0,60,130,train,1805,954,830,21,4076.95,2.29
mm1.0-mp10.0-bs60-e130,1.0,10.0,60,130,valid,337,163,169,5,-649.54,-1.96
mm1.0-mp10.0-bs60-e140,1.0,10.0,60,140,train,1789,931,837,21,1482.19,0.84
mm1.0-mp10.0-bs60-e140,1.0,10.0,60,140,valid,337,163,169,5,-760.29,-2.29
mm1.0-mp10.0-bs80-e110,1.0,10.0,80,110,train,1832,957,854,21,1999.09,1.1
mm1.0-mp10.0-bs80-e110,1.0,10.0,80,110,valid,334,167,162,5,139.7,0.42
mm1.0-mp10.0-bs80-e120,1.0,10.0,80,120,train,1776,942,813,21,4641.86,2.64
mm1.0-mp10.0-bs80-e120,1.0,10.0,80,120,valid,331,167,159,5,404.81,1.24
mm1.0-mp10.0-bs80-e130,1.0,10.0,80,130,train,1745,927,797,21,4896.26,2.84
mm1.0-mp10.0-bs80-e130,1.0,10.0,80,130,valid,326,159,162,5,-502.65,-1.57
mm1.0-mp10.0-bs80-e140,1.0,10.0,80,140,train,1729,904,804,21,2301.5,1.35
mm1.0-mp10.0-bs80-e140,1.0,10.0,80,140,valid,326,159,162,5,-613.4,-1.91
mm1.0-mp10.0-bs100-e110,1.0,10.0,100,110,train,1782,935,826,21,2461.1,1.4
mm1.0-mp10.0-bs100-e110,1.0,10.0,100,110,valid,325,163,157,5,212.04,0.66
mm1.0-mp10.0-bs100-e120,1.0,10.0,100,120,train,1726,920,785,21,5103.87,2.99
mm1.0-mp10.0-bs100-e120,1.0,10.0,100,120,valid,322,163,154,5,477.15,1.51
mm1.0-mp10.0-bs100-e130,1.0,10.0,100,130,train,1695,905,769,21,5358.27,3.2
mm1.0-mp10.0-bs100-e130,1.0,10.0,100,130,valid,317,155,157,5,-430.31,-1.38
mm1.0-mp10.0-bs100-e140,1.0,10.0,100,140,train,1679,882,776,21,2763.51,1.67
mm1.0-mp10.0-bs100-e140,1.0,10.0,100,140,valid,317,155,157,5,-541.06,-1.73
mm1.5-mp5.0-bs40-e110,1.5,5.0,40,110,train,1953,1011,921,21,1220.71,0.63
mm1.5-mp5.0-bs40-e110,1.5,5.0,40,110,valid,353,174,174,5,108.68,0.31
mm1.5-mp5.0-bs40-e120,1.5,5.0,40,120,train,1897,995,881,21,3578.04,1.91
mm1.5-mp5.0-bs40-e120,1.5,5.0,40,120,valid,350,174,171,5,373.79,1.08
mm1.5-mp5.0-bs40-e130,1.5,5.0,40,130,train,1866,980,865,21,3834.04,2.08
mm1.5-mp5.0-bs40-e130,1.5,5.0,40,130,valid,345,167,173,5,-357.33,-1.05
mm1.5-mp5.0-bs40-e140,1.5,5.0,40,140,train,1850,959,870,21,1573.08,0.86
mm1.5-mp5.0-bs40-e140,1.5,5.0,40,140,valid,345,167,173,5,-468.08,-1.38
mm1.5-mp5.0-bs60-e110,1.5,5.0,60,110,train,1875,973,881,21,1289.88,0.7
mm1.5-mp5.0-bs60-e110,1.5,5.0,60,110,valid,333,164,164,5,-66.02,-0.2
mm1.5-mp5.0-bs60-e120,1.5,5.0,60,120,train,1819,957,841,21,3647.21,2.03
mm1.5-mp5.0-bs60-e120,1.5,5.0,60,120,valid,330,164,161,5,199.09,0.61
mm1.5-mp5.0-bs60-e130,1.5,5.0,60,130,train,1788,942,825,21,3903.21,2.21
mm1.5-mp5.0-bs60-e130,1.5,5.0,60,130,valid,325,157,163,5,-532.03,-1.66
mm1.5-mp5.0-bs60-e140,1.5,5.0,60,140,train,1772,921,830,21,1642.25,0.94
mm1.5-mp5.0-bs60-e140,1.5,5.0,60,140,valid,325,157,163,5,-642.78,-2.01
mm1.5-mp5.0-bs80-e110,1.5,5.0,80,110,train,1820,948,851,21,1931.57,1.07
mm1.5-mp5.0-bs80-e110,1.5,5.0,80,110,valid,322,160,157,5,80.87,0.26
mm1.5-mp5.0-bs80-e120,1.5,5.0,80,120,train,1764,932,811,21,4288.9,2.46
mm1.5-mp5.0-bs80-e120,1.5,5.0,80,120,valid,319,160,154,5,345.98,1.1
mm1.5-mp5.0-bs80-e130,1.5,5.0,80,130,train,1733,917,795,21,4544.9,2.65
mm1.5-mp5.0-bs80-e130,1.5,5.0,80,130,valid,314,153,156,5,-385.14,-1.25
mm1.5-mp5.0-bs80-e140,1.5,5.0,80,140,train,1717,896,800,21,2283.94,1.35
mm1.5-mp5.0-bs80-e140,1.5,5.0,80,140,valid,314,153,156,5,-495.89,-1.6
mm1.5-mp5.0-bs100-e110,1.5,5.0,100,110,train,1771,926,824,21,2293.58,1.31
mm1.5-mp5.0-bs100-e110,1.5,5.0,100,110,valid,313,156,152,5,153.21,0.5
mm1.5-mp5.0-bs100-e120,1.5,5.0,100,120,train,1715,910,784,21,4650.91,2.75
mm1.5-mp5.0-bs100-e120,1.5,5.0,100,120,valid,310,156,149,5,418.32,1.37
mm1.5-mp5.0-bs100-e130,1.5,5.0,100,130,train,1684,895,768,21,4906.91,2.95
mm1.5-mp5.0-bs100-e130,1.5,5.0,100,130,valid,305,149,151,5,-312.8,-1.04
mm1.5-mp5.0-bs100-e140,1.5,5.0,100,140,train,1668,874,773,21,2645.95,1.61
mm1.5-mp5.0-bs100-e140,1.5,5.0,100,140,valid,305,149,151,5,-423.55,-1.41
mm1.5-mp10.0-bs40-e110,1.5,10.0,40,110,train,1918,993,904,21,1001.41,0.53
mm1.5-mp10.0-bs40-e110,1.5,10.0,40,110,valid,352,174,173,5,208.68,0.6
mm1.5-mp10.0-bs40-e120,1.5,10.0,40,120,train,1864,978,865,21,3444.18,1.87
mm1.5-mp10.0-bs40-e120,1.5,10.0,40,120,valid,349,174,170,5,473.79,1.38
mm1.5-mp10.0-bs40-e130,1.5,10.0,40,130,train,1835,964,850,21,3722.18,2.05
mm1.5-mp10.0-bs40-e130,1.5,10.0,40,130,valid,344,167,172,5,-257.33,-0.76
mm1.5-mp10.0-bs40-e140,1.5,10.0,40,140,train,1820,944,855,21,1528.79,0.85
mm1.5-mp10.0-bs40-e140,1.5,10.0,40,140,valid,344,167,172,5,-368.08,-1.09
mm1.5-mp10.0-bs60-e110,1.5,10.0,60,110,train,1840,955,864,21,1070.58,0.59
mm1.5-mp10.0-bs60-e110,1.5,10.0,60,110,valid,332,164,163,5,33.98,0.1
mm1.5-mp10.0-bs60-e120,1.5,10.0,60,120,train,1786,940,825,21,3513.35,1.99
mm1.5-mp10.0-bs60-e120,1.5,10.0,60,120,valid,329,164,160,5,299.09,0.92
mm1.5-mp10.0-bs60-e130,1.5,10.0,60,130,train,1757,926,810,21,3791.35,2.18
mm1.5-mp10.0-bs60-e130,1.5,10.0,60,130,valid,324,157,162,5,-432.03,-1.35
mm1.5-mp10.0-bs60-e140,1.5,10.0,60,140,train,1742,906,815,21,1597.96,0.93
mm1.5-mp10.0-bs60-e140,1.5,10.0,60,140,valid,324,157,162,5,-542.78,-1.7
mm1.5-mp10.0-bs80-e110,1.5,10.0,80,110,train,1785,930,834,21,1712.27,0.97
mm1.5-mp10.0-bs80-e110,1.5,10.0,80,110,valid,321,160,156,5,180.87,0.57
mm1.5-mp10.0-bs80-e120,1.5,10.0,80,120,train,1731,915,795,21,4155.04,2.43
mm1.5-mp10.0-bs80-e120,1.5,10.0,80,120,valid,318,160,153,5,445.98,1.42
mm1.5-mp10.0-bs80-e130,1.5,10.0,80,130,train,1702,901,780,21,4433.04,2.64
mm1.5-mp10.0-bs80-e130,1.5,10.0,80,130,valid,313,153,155,5,-285.14,-0.93
mm1.5-mp10.0-bs80-e140,1.5,10.0,80,140,train,1687,881,785,21,2239.65,1.34
mm1.5-mp10.0-bs80-e140,1.5,10.0,80,140,valid,313,153,155,5,-395.89,-1.29
mm1.5-mp10.0-bs100-e110,1.5,10.0,100,110,train,1736,908,807,21,2074.28,1.21
mm1.5-mp10.0-bs100-e110,1.5,10.0,100,110,valid,312,156,151,5,253.21,0.82
mm1.5-mp10.0-bs100-e120,1.5,10.0,100,120,train,1682,893,768,21,4517.05,2.72
mm1.5-mp10.0-bs100-e120,1.5,10.0,100,120,valid,309,156,148,5,518.32,1.71
mm1.5-mp10.0-bs100-e130,1.5,10.0,100,130,train,1653,879,753,21,4795.05,2.94
mm1.5-mp10.0-bs100-e130,1.5,10.0,100,130,valid,304,149,150,5,-212.8,-0.71
mm1.5-mp10.0-bs100-e140,1.5,10.0,100,140,train,1638,859,758,21,2601.66,1.61
mm1.5-mp10.0-bs100-e140,1.5,10.0,100,140,valid,304,149,150,5,-323.55,-1.08
mm2.0-mp5.0-bs40-e110,2.0,5.0,40,110,train,1893,978,894,21,1289.19,0.69
mm2.0-mp5.0-bs40-e110,2.0,5.0,40,110,valid,345,171,169,5,326.86,0.96
mm2.0-mp5.0-bs40-e120,2.0,5.0,40,120,train,1842,965,856,21,3698.37,2.03
mm2.0-mp5.0-bs40-e120,2.0,5.0,40,120,valid,342,171,166,5,591.97,1.76
mm2.0-mp5.0-bs40-e130,2.0,5.0,40,130,train,1813,948,844,21,3402.21,1.9
mm2.0-mp5.0-bs40-e130,2.0,5.0,40,130,valid,337,164,168,5,-139.15,-0.42
mm2.0-mp5.0-bs40-e140,2.0,5.0,40,140,train,1798,927,850,21,1111.33,0.63
mm2.0-mp5.0-bs40-e140,2.0,5.0,40,140,valid,337,164,168,5,-249.9,-0.75
mm2.0-mp5.0-bs60-e110,2.0,5.0,60,110,train,1818,942,855,21,1379.34,0.77
mm2.0-mp5.0-bs60-e110,2.0,5.0,60,110,valid,326,161,160,5,52.16,0.16
mm2.0-mp5.0-bs60-e120,2.0,5.0,60,120,train,1767,929,817,21,3788.52,2.17
mm2.0-mp5.0-bs60-e120,2.0,5.0,60,120,valid,323,161,157,5,317.27,1.0
mm2.0-mp5.0-bs60-e130,2.0,5.0,60,130,train,1738,912,805,21,3492.36,2.03
mm2.0-mp5.0-bs60-e130,2.0,5.0,60,130,valid,318,154,159,5,-413.85,-1.32
mm2.0-mp5.0-bs60-e140,2.0,5.0,60,140,train,1723,891,811,21,1201.48,0.71
mm2.0-mp5.0-bs60-e140,2.0,5.0,60,140,valid,318,154,159,5,-524.6,-1.68
mm2.0-mp5.0-bs80-e110,2.0,5.0,80,110,train,1764,917,826,21,1921.03,1.1
mm2.0-mp5.0-bs80-e110,2.0,5.0,80,110,valid,316,158,153,5,257.87,0.83
mm2.0-mp5.0-bs80-e120,2.0,5.0,80,120,train,1713,904,788,21,4330.21,2.56
mm2.0-mp5.0-bs80-e120,2.0,5.0,80,120,valid,313,158,150,5,522.98,1.7
mm2.0-mp5.0-bs80-e130,2.0,5.0,80,130,train,1684,887,776,21,4034.05,2.43
mm2.0-mp5.0-bs80-e130,2.0,5.0,80,130,valid,308,151,152,5,-208.14,-0.69
mm2.0-mp5.0-bs80-e140,2.0,5.0,80,140,train,1669,866,782,21,1743.17,1.06
mm2.0-mp5.0-bs80-e140,2.0,5.0,80,140,valid,308,151,152,5,-318.89,-1.05
mm2.0-mp5.0-bs100-e110,2.0,5.0,100,110,train,1715,895,799,21,2283.04,1.35
mm2.0-mp5.0-bs100-e110,2.0,5.0,100,110,valid,307,154,148,5,330.21,1.09
mm2.0-mp5.0-bs100-e120,2.0,5.0,100,120,train,1664,882,761,21,4692.22,2.86
mm2.0-mp5.0-bs100-e120,2.0,5.0,100,120,valid,304,154,145,5,595.32,1.99
mm2.0-mp5.0-bs100-e130,2.0,5.0,100,130,train,1635,865,749,21,4396.06,2.72
mm2.0-mp5.0-bs100-e130,2.0,5.0,100,130,valid,299,147,147,5,-135.8,-0.46
mm2.0-mp5.0-bs100-e140,2.0,5.0,100,140,train,1620,844,755,21,2105.18,1.32
mm2.0-mp5.0-bs100-e140,2.0,5.0,100,140,valid,299,147,147,5,-246.55,-0.84
mm2.0-mp10.0-bs40-e110,2.0,10.0,40,110,train,1861,962,878,21,1126.23,0.61
mm2.0-mp10.0-bs40-e110,2.0,10.0,40,110,valid,344,171,168,5,426.86,1.26
mm2.0-mp10.0-bs40-e120,2.0,10.0,40,120,train,1812,950,841,21,3611.62,2.02
mm2.0-mp10.0-bs40-e120,2.0,10.0,40,120,valid,341,171,165,5,691.97,2.06
mm2.0-mp10.0-bs40-e130,2.0,10.0,40,130,train,1785,934,830,21,3337.46,1.89
mm2.0-mp10.0-bs40-e130,2.0,10.0,40,130,valid,336,164,167,5,-39.15,-0.12
mm2.0-mp10.0-bs40-e140,2.0,10.0,40,140,train,1771,914,836,21,1114.15,0.64
mm2.0-mp10.0-bs40-e140,2.0,10.0,40,140,valid,336,164,167,5,-149.9,-0.45
mm2.0-mp10.0-bs60-e110,2.0,10.0,60,110,train,1786,926,839,21,1216.38,0.69
mm2.0-mp10.0-bs60-e110,2.0,10.0,60,110,valid,325,161,159,5,152.16,0.48
mm2.0-mp10.0-bs60-e120,2.0,10.0,60,120,train,1737,914,802,21,3701.77,2.16
mm2.0-mp10.0-bs60-e120,2.0,10.0,60,120,valid,322,161,156,5,417.27,1.32
mm2.0-mp10.0-bs60-e130,2.0,10.0,60,130,train,1710,898,791,21,3427.61,2.03
mm2.0-mp10.0-bs60-e130,2.0,10.0,60,130,valid,317,154,158,5,-313.85,-1.01
mm2.0-mp10.0-bs60-e140,2.0,10.0,60,140,train,1696,878,797,21,1204.3,0.72
mm2.0-mp10.0-bs60-e140,2.0,10.0,60,140,valid,317,154,158,5,-424.6,-1.36
mm2.0-mp10.0-bs80-e110,2.0,10.0,80,110,train,1732,901,810,21,1758.07,1.03
mm2.0-mp10.0-bs80-e110,2.0,10.0,80,110,valid,315,158,152,5,357.87,1.15
mm2.0-mp10.0-bs80-e120,2.0,10.0,80,120,train,1683,889,773,21,4243.46,2.55
mm2.0-mp10.0-bs80-e120,2.0,10.0,80,120,valid,312,158,149,5,622.98,2.03
mm2.0-mp10.0-bs80-e130,2.0,10.0,80,130,train,1656,873,762,21,3969.3,2.43
mm2.0-mp10.0-bs80-e130,2.0,10.0,80,130,valid,307,151,151,5,-108.14,-0.36
mm2.0-mp10.0-bs80-e140,2.0,10.0,80,140,train,1642,853,768,21,1745.99,1.08
mm2.0-mp10.0-bs80-e140,2.0,10.0,80,140,valid,307,151,151,5,-218.89,-0.72
mm2.0-mp10.0-bs100-e110,2.0,10.0,100,110,train,1683,879,783,21,2120.08,1.28
mm2.0-mp10.0-bs100-e110,2.0,10.0,100,110,valid,306,154,147,5,430.21,1.43
mm2.0-mp10.0-bs100-e120,2.0,10.0,100,120,train,1634,867,746,21,4605.47,2.86
mm2.0-mp10.0-bs100-e120,2.0,10.0,100,120,valid,303,154,144,5,695.32,2.33
mm2.0-mp10.0-bs100-e130,2.0,10.0,100,130,train,1607,851,735,21,4331.31,2.73
mm2.0-mp10.0-bs100-e130,2.0,10.0,100,130,valid,298,147,146,5,-35.8,-0.12
mm2.0-mp10.0-bs100-e140,2.0,10.0,100,140,train,1593,831,741,21,2108.0,1.34
mm2.0-mp10.0-bs100-e140,2.0,10.0,100,140,valid,298,147,146,5,-146.55,-0.5
